id	name	category	location_short	principal_figure	figure_died	silsila
allo-mahar	Allo Mahar	Muslim Shrine	Allo Mahar, Sialkot, Punjab	Pir Syed Muhammad Channan Shah Nuri		Naqshbandi
amb-temples-amb-sharif	Amb Temples (Amb Sharif)	Hindu Temple	Sakesar Mountain (Soon Valley), Khushab District, Punjab, Pakistan	Shiva (Mahadev)		
bari-imam	Bari Imam	Muslim Shrine	Bari Imam, Islamabad, Islamabad Capital Territory	Sayyid Abdul Latif Kazmi (Bari Imam)	1705	Qadiri
bhagnari-mandir	Bhagnari Mandir	Hindu Temple	Embankment Road, Karachi, Sindh, Pakistan	Shiva (Mahadev)		
bhai-sant-thawan-das-mandir	Bhai Sant Thawan Das Mandir	Nanakpanthi / Udasi Darbar	Old Shahi Bazar, Mehar, Dadu District, Sindh, Pakistan	Sant Thawan Das		
bhai-waliram-darbar	Bhai Waliram Darbar	Nanakpanthi / Udasi Darbar	Digano Mahesar village, Miro Khan taluka, Qambar–Shahdadkot District, Sindh, Pakistan	Bhai Waliram		
bhit-bhit-shah	Bhit (Bhit Shah)	Muslim Shrine	Bhit (Bhit Shah), Bhit, Sindh	Shah Abdul Latif Bhittai	1752	
chandragup-baba-chandragup	Chandragup (Baba Chandragup)	Hindu Temple	Hingol National Park, Lasbela District, Balochistan, Pakistan	Shiva (associated)		
churrio-jabal-durga-mata-temple	Churrio Jabal Durga Mata Temple	Hindu Temple	Churrio Hill, Nagarparkar, Tharparkar District, Sindh, Pakistan	Durga (Mata)		
darbar-abul-muali-qadri	Darbar Abul Muali Qadri	Islam	"Lahore. The survey places the saint's mosque and seminary near Mochi Darwaza and states the shrine was built at that seminary; it also notes Dyal Singh College is ""right near his shrine."" No province, district, address or coordinates given in the survey. Pin is Mochi Gate's own coordinate (an approximate landmark, not the shrine's exact position) — ask Saifullah for a precise pin when possible."	Hazrat Syed Muhammad Khair ul Deen, known as Shah Abul Muali Qadri	16 Rabi ul Awal 1024 AH (as related in the survey)	"Not stated as an order. Q5 answers the *silsila* question with descent and personal affiliation: ""Lineage of Hazrat Ali (R.A), Kirmani Sadaat, Affiliation with Syed Dawood Bandgi Kirmani."" See qa_note 1."
darbar-ghamkol-sharif-zinda-pir	Darbar Ghamkol Sharif (Zinda Pir)	Muslim Shrine	Ghamkol valley, near Kohat, Kohat District, Khyber Pakhtunkhwa, Pakistan	Khwaja Muhammad Qasim (Zinda Pir)	1999	Naqshbandi
ghazi-ilm-din-shaheed	Darbar Ghazi Ilm Din Shaheed	Muslim Shrine	Miani Sahib Graveyard, Lahore. The field survey itself locates the shrine only as “Lahore” (its one detail, ‘Railway Auqaf land,’ refers to the funeral prayer, not necessarily the burial site); the placement at Miani Sahib comes from published press accounts — see Bibliography. The pin is the graveyard landmark, shared with the other Miani Sahib entries, not the grave's exact position.	Ghazi Ilm Din Shaheed	31 October 1929 (executed at Mianwali Jail)	
khawaja-feroz-ud-din-gharib-nawaz	Darbar Hazrat Khawaja Feroz-ud-Din Gharib Nawaz Chishti Nizami	Muslim Shrine	"Miani Sahib Graveyard, Lahore, Punjab. The field survey places the shrine ""in the middle of Miani Sahib Graveyard"" but gives no street address, no locality/section name within the graveyard, and no coordinates."	Hazrat Khawaja Feroz-ud-Din Gharib Nawaz Chishti Nizami	November 27, 1981 (Friday)	Chishti Nizamia Qadria
darbar-hazrat-khawaja-shah-muhammad-sulaiman-taunsvi-r-a	Darbar Hazrat Khawaja Shah Muhammad Sulaiman Taunsvi (R.A)	Muslim Shrine	Taunsa, Taunsa Sharif, Punjab	Khwaja Muhammad Sulaiman Taunsvi	1850	Chishti-Nizami
tahir-bandagi-qadri	Darbar Hazrat Tahir Bandagi Qadri	Muslim Shrine	"Miani Sahib Graveyard, Lahore. Per the field survey, this shrine is the oldest seat within Miani Sahib Graveyard — the graveyard grew up around it over the centuries, not the reverse. The survey gives no street address, no coordinates, and no position within the graveyard's roughly 475 kanals beyond ""alongside the mosque"" that Hazrat Tahir Bandagi built."	Hazrat Tahir Bandagi Qadri	8 Muharram 1040 AH / 8 August 1630 CE	Qadri (see year_built_note / Description for a discrepancy in how the survey names his order)
darbar-malik-ahmad-ayaz	Darbar Malik Ahmad Ayaz	Muslim Shrine	Shah Alam Market; the survey places the mazar near Darbar Ali Hajveri Ganj Bakhsh (Data Darbar). No city, district, tehsil or province is stated anywhere in the survey for the shrine itself. Pin reuses Data Darbar's own coordinate, since the survey ties this shrine's location directly to it — an approximate landmark, not the shrine's exact position. Ask Saifullah for a precise pin when possible.	"Malik Ahmad Ayaz (also given as ""Malik Ayaz Ahmad"" and ""Malik Ayaz""), described in the survey as slave of Mahmud Ghaznavi, minister, and governor of Lahore"	8 August 1041, as given in the account; calendar era unstated	"As recorded: ""Ahl e Sunnat - Ghaznavi silsila"""
darbar-sakhi-shah-chan-charagh	Darbar Sakhi Shah Chan Charagh	Muslim Shrine	Rawalpindi District, Punjab, Pakistan	Syed Sakhi Shah Chan Charagh (Shah Zaman)		
wasif-ali-wasif	Darbar Wasif Ali Wasif	Muslim Shrine	Miani Sahib Graveyard, Lahore — the survey gives no street address, tehsil, district, or coordinates; it locates the shrine only as a dedicated plot beside the graveyard, which it describes as one of the largest graveyards in Asia.	"Hazrat Wasif Ali Wasif Awan (born Muhammad Wasif Awan; ""Wasif"" was his pen name/takhallus)"	18 January 1993	"Chishti Qadri — the survey states allegiance (bai'at) to ""Hazrat Shah Niyaz Ahmad Chisti Qadri""; see note on the source wording below"
dargah-roza-sufi-shah-inayat-shaheed	Dargah / Roza Sufi Shah Inayat Shaheed	Muslim Shrine	Jhok Sharif (Jhok), Sindh, Pakistan	Sufi Shah Inayat Shaheed	1718	
dargah-fateh-pur-sharif	Dargah Fateh Pur Sharif	Muslim Shrine	Dargah Fateh Pur Sharif, Gandawah (Jhal Magsi District), Balochistan	Syed Rakhyal Shah	1940	Qadiri
dargah-of-khwaja-muhammad-zaman-luari-sharif	Dargah of Khwaja Muhammad Zaman (Luari Sharif)	Muslim Shrine	Luari Sharif, Shaheed Fazil Rahu Taluka, Badin District, Sindh, Pakistan	Khwaja Muhammad Zaman (Sultan al-Aulia)	1775	Naqshbandi
dargah-of-pir-muhammad-rashid-roze-dhani-pir-jo-goth	Dargah of Pir Muhammad Rashid (Roze Dhani), Pir Jo Goth	Muslim Shrine	Pir Jo Goth, Kingri Taluka, Khairpur District, Sindh, Pakistan	Pir Syed Muhammad Rashid Shah (Roze Dhani)	1818	Rashidi
dargah-pir-ratan-nath-jee	Dargah Pir Ratan Nath Jee	Hindu Temple	Jhanda Bazar, Peshawar, Khyber Pakhtunkhwa, Pakistan	Baba Pir Ratan Nath		
darya-lal-mandir-darya-lal-sankat-mochan-mandir	Darya Lal Mandir (Darya Lal Sankat Mochan Mandir)	Hindu Temple	Near Custom House, Saddar Town, Karachi South District, Sindh, Pakistan	Jhulelal / Daryalal		
data-darbar	Data Darbar	Muslim Shrine	Lahore, Punjab	Hazrat Ali ibn Usman al-Hujwiri (Data Ganj Bakhsh)	1072	
eidgah-sharif	Eidgah Sharif	Muslim Shrine	Eidgah Sharif, Rawalpindi, Punjab	Hazrat Hafiz Muhammad Abdul Karim (Baba Ji)		Chishti-Nizami
garh-maharaja-shorkot	Garh Maharaja (Shorkot)	Muslim Shrine	Garh Maharaja (Shorkot), Jhang, Punjab	Sultan Bahu	1691	Sarwari Qadiri
golra-sharif	Golra Sharif	Muslim Shrine	Golra Sharif, Islamabad, Islamabad Capital Territory	Pir Sayyid Meher Ali Shah	1937	Chishti
gorakhnath-goraknath-temple	Gorakhnath (Goraknath) Temple	Hindu Temple	Gor Khatri area, Peshawar, Khyber Pakhtunkhwa, Pakistan	Guru Gorakhnath		
gori-temple-gori-jo-mandar	Gori Temple (Gori jo Mandar)	Jain Temple	Gori village (between Islamkot and Nagarparkar), Tharparkar District, Sindh, Pakistan	Parshvanatha (23rd Tirthankara)		
gurdas-ram-mandir	Gurdas Ram Mandir	Nanakpanthi / Udasi Darbar	Radhan Town, Tehsil Mehar, Dadu District, Sindh, Pakistan	Sant Gurdas Ram		
gurdwara-babay-de-ber	Gurdwara Babay De Ber	Sikh Gurdwara	Sialkot, Punjab, Pakistan	Guru Nanak		
gurdwara-babay-nanki	Gurdwara Babay Nanki	Sikh Gurdwara	Lahore, Punjab, Pakistan	Bebe Nanaki	1518	
gurdwara-balila-sahib-bal-lila-sahib	Gurdwara Balila Sahib (Bal Lila Sahib)	Sikh Gurdwara	Nankana Sahib, Punjab, Pakistan	Guru Nanak		
gurdwara-baoli-sahib-guru-arjan-dev-ji-lahore	Gurdwara Baoli Sahib (Guru Arjan Dev Ji), Lahore	Sikh Gurdwara	Dabbi Bazaar, Walled City, Lahore, Punjab, Pakistan	Guru Arjan Dev		
gurdwara-bhai-beba-singh	Gurdwara Bhai Beba Singh	Sikh Gurdwara	Peshawar, Khyber Pakhtunkhwa, Pakistan	Bhai Biba (Beba) Singh		
gurdwara-bhai-joga-singh	Gurdwara Bhai Joga Singh	Sikh Gurdwara	Peshawar, KPK, Pakistan	Bhai Joga Singh		
gurdwara-chakki-sahib	Gurdwara Chakki Sahib	Sikh Gurdwara	Eminabad, Gujranwala District, Punjab, Pakistan	Guru Nanak		
gurdwara-chhevin-patshahi-chitti-gatti	Gurdwara Chhevin Patshahi, Chitti Gatti	Sikh Gurdwara	Chitti Gatti, near Mansehra, Khyber Pakhtunkhwa, Pakistan	Guru Hargobind		
gurdwara-chhevin-patshahi-jhalian-jhalian-dhilwan	Gurdwara Chhevin Patshahi, Jhalian (Jhalian Dhilwan)	Sikh Gurdwara	Jhalian (Jhalian Dhilwan), near Barki, Lahore District, Punjab, Pakistan	Guru Hargobind		
gurdwara-chhevin-patshahi-mozang	Gurdwara Chhevin Patshahi, Mozang	Sikh Gurdwara	Temple Road, Mozang, Lahore, Punjab, Pakistan	Guru Hargobind		
gurdwara-choa-sahib	Gurdwara Choa Sahib	Sikh Gurdwara	Rohtas Fort (Talaqi gate), near Dina, Jhelum District, Punjab, Pakistan	Guru Nanak		
gurdwara-chowmala-sahib	Gurdwara Chowmala Sahib	Sikh Gurdwara	Chowmala Mohalla, inside Bhati Gate, Walled City, Lahore, Punjab, Pakistan	Guru Hargobind		
gurdwara-darbar-sahib-kartarpur	Gurdwara Darbar Sahib Kartarpur	Sikh Gurdwara	Kartarpur, Shakargarh Tehsil, Narowal District, Punjab, Pakistan	Guru Nanak	1539	
gurdwara-dash-mesh-pita	Gurdwara Dash Mesh Pita	Sikh Gurdwara	Sukkur, Sindh, Pakistan	Guru Gobind Singh		
gurdwara-dera-sahib	Gurdwara Dera Sahib	Sikh Gurdwara	Lahore, Punjab	Guru Arjan Dev	1606	
gurdwara-guru-ram-das-ji	Gurdwara Guru Ram Das Ji	Sikh Gurdwara	Lahore, Punjab, Pakistan	Guru Ram Das	1581	
gurdwara-khoohi-bhai-lalo-bhai-lalo-di-khooi	Gurdwara Khoohi Bhai Lalo (Bhai Lalo di Khooi)	Sikh Gurdwara	Eminabad, Gujranwala District, Punjab, Pakistan	Guru Nanak; Bhai Lalo		
gurdwara-malji-sahib	Gurdwara Malji Sahib	Sikh Gurdwara	Nankana Sahib, Punjab, Pakistan	Guru Nanak		
gurdwara-panja-sahib	Gurdwara Panja Sahib	Sikh Gurdwara	Hasan Abdal, Punjab, Pakistan	Guru Nanak		
gurdwara-panjvi-chati-patshahi	Gurdwara Panjvi Chati Patshahi	Sikh Gurdwara	Nankana Sahib, Punjab, Pakistan	Guru Arjan Dev; Guru Hargobind		
gurdwara-patshahi-chhevin-hadiara-lahore	Gurdwara Patshahi Chhevin (Hadiara), Lahore	Sikh Gurdwara	Hadiara village, Lahore District, Punjab, Pakistan	Guru Hargobind		
gurdwara-patti-sahib	Gurdwara Patti Sahib	Sikh Gurdwara	Nankana Sahib, Punjab, Pakistan	Guru Nanak		
gurdwara-pehli-patshahi-jind-pir-sukkur	Gurdwara Pehli Patshahi (Jind Pir), Sukkur	Nanakpanthi / Udasi Darbar	Near the Sukkur–Rohri (Lansdowne/Ayub) railway bridge, Sukkur, Sindh, Pakistan	Guru Nanak		
gurdwara-rori-sahib	Gurdwara Rori Sahib	Sikh Gurdwara	Eminabad, Punjab, Pakistan	Guru Nanak; Bhai Mardana		
gurdwara-sach-khand-sahib	Gurdwara Sach Khand Sahib	Sikh Gurdwara	Shikarpur, Sindh, Pakistan	Guru Nanak		
gurdwara-sacha-sauda	Gurdwara Sacha Sauda	Sikh Gurdwara	Farooqabad (formerly Chuharkana), Punjab, Pakistan	Guru Nanak		
gurdwara-sahib-saidpur-guru-nanak-dev-ji	Gurdwara Sahib Saidpur (Guru Nanak Dev Ji)	Sikh Gurdwara	Saidpur Village, Margalla Hills, Islamabad Capital Territory, Pakistan	Guru Nanak		
gurdwara-shaheed-bhai-taru-singh	Gurdwara Shaheed Bhai Taru Singh	Sikh Gurdwara	Lahore, Punjab	Bhai Taru Singh	1745	
gurdwara-shaheed-ganj-singh-singhnian	Gurdwara Shaheed Ganj Singh Singhnian	Sikh Gurdwara	Lahore, Punjab, Pakistan	Sikh women and children martyrs		
gurdwara-singh-sabha	Gurdwara Singh Sabha	Sikh Gurdwara	Quetta, Balochistan, Pakistan	Sikh community (Singh Sabha)		
gurdwara-sri-kiara-sahib	Gurdwara Sri Kiara Sahib	Sikh Gurdwara	Nankana Sahib, Pakistan	Guru Nanak		
gurdwara-sri-tilganji-sahib	Gurdwara Sri Tilganji Sahib	Sikh Gurdwara	Masjid Road, Quetta, Balochistan, Pakistan	Guru Nanak		
gurdwara-tambo-sahib	Gurdwara Tambo Sahib	Sikh Gurdwara	Nankana Sahib, Punjab, Pakistan	Guru Nanak		
guru-gurpat-mandir-db-80-sirey-ghat	Guru Gurpat Mandir (DB-80 Sirey Ghat)	Nanakpanthi / Udasi Darbar	DB-80 Sirey Ghat, Hyderabad, Sindh, Pakistan	Baba Gurpat Sahib	1877	
gurudwara-janam-asthan-nankana-sahib	Gurudwara Janam Asthan Nankana Sahib	Sikh Gurdwara	Nankana Sahib, Pakistan	Guru Nanak	1539	
jagannath-temple-sialkot	Jagannath Temple, Sialkot	Hindu Temple	Paris Road, Mohallah Puran Nagar, Sialkot, Punjab, Pakistan	Lord Jagannath		
jain-mandir-lahore	Jain Mandir, Lahore	Jain Temple	Lytton Road, Old Anarkali, Lahore, Punjab, Pakistan	Jain Tirthankaras		
jhollay-lal-mandir	Jhollay Lal Mandir	Hindu Temple	Darya Lal Street, Jodia Bazaar, Karachi, Sindh, Pakistan	Jhulelal (Uderolal)		
kalat-kali-temple	Kalat Kali Temple	Hindu Temple	Shahi Bazaar, Kalat, Balochistan, Pakistan	Kali		
kali-bari-mandir	Kali Bari Mandir	Hindu Temple	Peshawar, Khyber Pakhtunkhwa, Pakistan	Kali		
kalka-cave-temple-asthan-of-kalka-devi	Kalka Cave Temple (Asthan of Kalka Devi)	Hindu Temple	Aror, Sukkur District, Sindh, Pakistan	Kalka Devi (Kali)		
katas-raj-temples	Katas Raj Temples	Hindu Temple	Choa Saidanshah, Chakwal District, Punjab, Pakistan	Shiva (Mahadev)		
khatwari-darbar-shikarpur	Khatwari Darbar, Shikarpur	Nanakpanthi / Udasi Darbar	Thekrati Bazar, old city, Shikarpur, Sindh, Pakistan	Bhai Gurdas Singh (Kanhiya Lal)		
krishna-mandir-kabari-bazar	Krishna Mandir (Kabari Bazar)	Hindu Temple	Kabari Bazar, Rawalpindi, Punjab, Pakistan	Krishna		
krishna-mandir-ravi-road	Krishna Mandir (Ravi Road)	Hindu Temple	Ravi Road, Lahore, Punjab, Pakistan	Krishna		
lal-kurti-temple-balmiki-mandir-rawalpindi	Lal Kurti Temple (Balmiki Mandir), Rawalpindi	Hindu Temple	Lalkurti, Rawalpindi Cantonment, Rawalpindi, Punjab, Pakistan	Valmiki (Bhagwan Valmik)		
lal-shahbaz-qalandar	Lal Shahbaz Qalandar	Muslim Shrine	Sehwan Sharif, Jamshoro District, Sindh	Lal Shahbaz Qalandar (Usman Marwandi)	1274	Qalandari
langer-makhdoom	Langer Makhdoom	Muslim Shrine	Langer Makhdoom, Chiniot, Punjab	Makhdoom Burhan-ud-din	1245	
loh-temple-lava-temple	Loh Temple (Lava Temple)	Hindu Temple	Lahore Fort (near Alamgiri Gate), Lahore, Punjab, Pakistan	Lava (Luv)		
mausoleum-of-waris-shah	Mausoleum of Waris Shah	Muslim Shrine	Jandiala Sher Khan, Sheikhupura District, Punjab, Pakistan	Waris Shah	1798	Chishti
mazar-of-bulleh-shah	Mazar of Bulleh Shah	Muslim Shrine	Mazar of Bulleh Shah, Kasur, Punjab	Bulleh Shah (Abdullah Shah Qadri)	1757	Qadiri
mithankot-kot-mithan	Mithankot (Kot Mithan)	Muslim Shrine	Mithankot (Kot Mithan), Rajanpur, Punjab	Khwaja Ghulam Farid	1901	Chishti
mohra-sharif-khanqah	Mohra Sharif (Khanqah)	Muslim Shrine	Mohra Sharif village, Murree Tehsil, Rawalpindi District, Punjab, Pakistan	Khwaja Muhammad Qasim Sadiq		Naqshbandi-Mujaddidi
nagarparkar-jain-temples-nagarparkar-cultural-landscape	Nagarparkar Jain Temples (Nagarparkar Cultural Landscape)	Jain Temple	Karoonjhar Mountains region, Nagarparkar, Sindh, Pakistan	Jain Tirthankaras		
panj-tirath	Panj Tirath	Hindu Temple	Hashtnagri, Peshawar, Khyber Pakhtunkhwa, Pakistan	King Pandu (Mahabharata)		
parnami-mandir	Parnami Mandir	Hindu Temple	Malka Hans, Punjab, Pakistan	Dya Ram		
prahladpuri-temple	Prahladpuri Temple	Hindu Temple	Fort of Multan (near Shrine of Bahauddin Zakariya), Multan, Punjab, Pakistan	Narasimha		
purana-bhalwal	Purana Bhalwal	Muslim Shrine	Purana Bhalwal, Bhalwal, Punjab	Hazrat Shah Sulaiman Nuri (Sakhi Badshah)	1604	Qadiri
rahman-baba-mausoleum-rehman-baba-shrine	Rahman Baba Mausoleum (Rehman Baba Shrine)	Muslim Shrine	Hazarkhwani (Ring Road), Peshawar, Khyber Pakhtunkhwa, Pakistan	Rahman Baba (Abdur Rahman Mohmand)	1711	
ram-mandir-saidpur-ram-kund-mandir	Ram Mandir, Saidpur (Ram Kund Mandir)	Hindu Temple	Saidpur Village, Margalla Hills, Islamabad Capital Territory, Pakistan	Rama		
ramapir-temple-tando-allahyar	Ramapir Temple, Tando Allahyar	Hindu Temple	Tando Allahyar, Tando Allahyar District, Sindh, Pakistan	Ramdev Pir (Ramapir)		
ranmal-sharif	Ranmal Sharif	Muslim Shrine	Ranmal Sharif, Phalia, Punjab	Syed Muhammad Noushah Ganj Bakhsh	1654	Naushahia Qadiri
sadh-belo-sadh-belo-island-temple	Sadh Belo (Sadh Belo Island Temple)	Nanakpanthi / Udasi Darbar	Sadh Belo Island, near Sukkur/Rohri, Sindh, Pakistan	Baba Bankhandi Maharaj		
sain-vali-vilayat-rai-darbar-kambar	Sain Vali Vilayat Rai Darbar, Kambar	Nanakpanthi / Udasi Darbar	Shivalo mohalla, Kambar (Qambar) town, Qambar–Shahdadkot District, Sindh, Pakistan	Sain Vali Vilayat Rai		
sakhi-sarwar	Sakhi Sarwar	Muslim Shrine	Sakhi Sarwar, Dera Ghazi Khan, Punjab	Sultan Sakhi Sarwar (Lakhdata)		
samadhi-of-maharaja-ranjit-singh	Samadhi of Maharaja Ranjit Singh	Secular / Memorial	Hazuri Bagh (near Lahore Fort), Lahore, Punjab, Pakistan	Maharaja Ranjit Singh	1839	
sant-baba-asudaram-darbar-panno-aqil	Sant Baba Asudaram Darbar (Panno Aqil)	Nanakpanthi / Udasi Darbar	Panno Aqil (Pano Akil), Sukkur District, Sindh, Pakistan	Sant Baba Asudaram (Sakhi Baba)	1960	
sant-baba-bhagat-ram-darbar-mandir	Sant Baba Bhagat Ram Darbar Mandir	Nanakpanthi / Udasi Darbar	Shahi Bazar, Dadu, Sindh, Pakistan	Sant Baba Bhagat Ram		
sant-bhagat-kanwar-ram-temple-chak	Sant Bhagat Kanwar Ram Temple (Chak)	Nanakpanthi / Udasi Darbar	Chak, Shikarpur, Sindh, Pakistan	Bhagat Kanwar Ram	1939	
sant-satram-dham-raharki-sacho-satram-devri-sahib	Sant Satram Dham, Raharki (Sacho Satram / Devri Sahib)	Nanakpanthi / Udasi Darbar	Raharki (Raherki Sahib), Daharki Taluka, Ghotki District, Sindh, Pakistan	Satguru Swami Sai Satramdas Sahib	1910	
sevapanthi-darbar-bhai-gurdas-gandava	Sevapanthi Darbar (Bhai Gurdas), Gandava	Nanakpanthi / Udasi Darbar	Heart of Gandava (Gandawah) town, Jhal Magsi District, Balochistan, Pakistan	Bhai Gurdas (Sevapanthi)		
shah-noorani-shrine-syed-bilawal-shah-noorani	Shah Noorani Shrine (Syed Bilawal Shah Noorani)	Muslim Shrine	Lahoot Lamakan valley, Khuzdar District, Balochistan, Pakistan	Syed Bilawal Shah Noorani		
shah-yousuf	Shah Yousuf	Muslim Shrine	Shah Yousuf, Shahpur, Punjab	Hazrat Shah Yousuf		
shahwala-teja-singh-mandir	Shahwala Teja Singh Mandir	Hindu Temple	Mohallah Dharowal, Sialkot, Punjab, Pakistan	Shiva (Mahadev)		
shaktipeeth-shri-hinglaj-mata-mandir	Shaktipeeth Shri Hinglaj Mata Mandir		Hingol Balochistan National Park, Road، Asha Pura, Pakistan			
shamsabad	Shamsabad	Muslim Shrine	Shamsabad, Okara, Punjab	Shams Ali Qalandar	1966	Qadiri
sharada-peeth	Sharada Peeth	Hindu Temple	Sharda, Neelum Valley (Azad Kashmir), Pakistan	Sharada (Saraswati)		
shergarh	Shergarh	Muslim Shrine	Shergarh, Okara, Punjab	Daud Bandagi Kirmani	1575	Qadiri
shiv-mandir-chiti-ghati	Shiv Mandir Chiti Ghati	Hindu Temple	Ghandian, Mansehra District, Khyber Pakhtunkhwa, Pakistan	Shiva (Mahadev)		
shree-ratneshwar-mahadev-temple-karachi	Shree Ratneshwar Mahadev Temple, Karachi	Hindu Temple	Near Clifton Beach / Jehangir Kothari Parade area, Karachi, Sindh, Pakistan	Shiva (Mahadev)		
shri-laxmi-narayan-mandir-native-jetty-bridge	Shri Laxmi Narayan Mandir (Native Jetty Bridge)	Hindu Temple	Under Native Jetty Bridge, Karachi, Sindh, Pakistan	Lakshmi-Narayan		
shri-panchmukhi-hanuman-mandir-karachi	Shri Panchmukhi Hanuman Mandir (Karachi)	Hindu Temple	Soldier Bazaar, Karachi East, Sindh, Pakistan	Hanuman (Panchmukhi)		
shri-swaminarayan-mandir-karachi	Shri Swaminarayan Mandir, Karachi	Hindu Temple	M. A. Jinnah Road, Karachi, Sindh, Pakistan	Bhagwan Swaminarayan		
shri-varun-dev-mandir	Shri Varun Dev Mandir	Hindu Temple	Manora Island (Manora Beach), Karachi, Sindh, Pakistan	Varuna (Varun Dev)		
shrine-at-odero-lal-udero-lal-teerath-asthan	Shrine at Odero Lal (Udero Lal Teerath Asthan)	Hindu Temple	Odero Lal Village (near Tando Adam), Matiari District, Sindh, Pakistan	Sheikh Tahir / Udero Lal (Jhulelal)		
shrine-of-abdullah-shah-ghazi	Shrine of Abdullah Shah Ghazi	Muslim Shrine	Clifton, Karachi, Sindh	Abdullah Shah Ghazi	773	
abul-faiz-qalander-ali-suharwardi	Shrine of Abul Faiz Qalander Ali Suharwardi	Muslim Shrine	Lahore, Punjab	Sayyid Abul Faiz Qalandar Ali Gilani Suhrawardi	1958	Suhrawardi
shrine-of-akhund-darweza-baba	Shrine of Akhund Darweza Baba	Muslim Shrine	Hazarkhwani, Peshawar, Khyber Pakhtunkhwa, Pakistan	Akhund Darweza (Syed Muhammad)	1638	
shrine-of-akhund-panju-baba	Shrine of Akhund Panju Baba	Muslim Shrine	Akbarpura, Nowshera District, Khyber Pakhtunkhwa, Pakistan	Hazrat Syed Abdul Wahab (Akhund Panju Baba)		
shrine-of-baba-shah-chiragh	Shrine of Baba Shah Chiragh	Muslim Shrine	The Mall (near Lahore High Court), Lahore, Punjab, Pakistan	Syed Abdul Razzaq (Shah Chiragh)	1657	Qadiri
shrine-of-baba-shah-kamal	Shrine of Baba Shah Kamal	Muslim Shrine	Muslim Town / Samanabad (near Ichhra), Lahore, Punjab, Pakistan	Hazrat Baba Shah Kamal		Qadiri
shrine-of-bahauddin-zakariya	Shrine of Bahauddin Zakariya	Muslim Shrine	Multan City, Multan, Punjab	Bahauddin Zakariya	1267	Suhrawardi
bibi-pak-daman	Shrine of Bibi Pak Daman	Muslim Shrine	Lahore, Punjab	The six Bibis (Bibi Pak Daman)		
shrine-of-fariduddin-ganjshakar	Shrine of Fariduddin Ganjshakar	Muslim Shrine	Pakpattan, Pakpattan, Punjab	Baba Fariduddin Mas'ud Ganjshakar	1266	Chishti
ganj-e-inayat-sarkar	Shrine of Ganj e Inayat Sarkar	Muslim Shrine	Gulberg 3, Lahore, Punjab	Pir Muhammad Inayat Ahmad Naqshbandi Mujaddidi	2011	Naqshbandi-Mujaddidi
shrine-of-hafiz-muhammad-jamal-multani	Shrine of Hafiz Muhammad Jamal Multani	Muslim Shrine	Near Aam Khas Bagh, outside Daulat Gate, Multan City, Punjab, Pakistan	Hafiz Muhammad Jamal Multani	1811	Chishti
madho-lal-hussain	Shrine of Hazrat Madho Lal Hussain (Shah Hussain Darbar)	Muslim Shrine	Baghbanpura (near Shalimar Gardens), Lahore, Punjab, Pakistan	Shah Hussain (Madho Lal Hussain)	1599	Malamati
shrine-of-hazrat-muhammad-ayub-shah-bukhari	Shrine of Hazrat Muhammad Ayub Shah Bukhari	Muslim Shrine	Gandawah (Gandava), Jhal Magsi District, Balochistan, Pakistan	Hazrat Muhammad Ayub Shah Bukhari		Suhrawardi
shrine-of-hazrat-shah-ali-akbar-shah-ali-akbar-shamsi	Shrine of Hazrat Shah Ali Akbar (Shah Ali Akbar Shamsi)	Muslim Shrine	Suraj Miani, Multan, Punjab, Pakistan	Hazrat Shah Ali Akbar Shamsi		
shrine-of-hazrat-shah-daula-daryai	Shrine of Hazrat Shah Daula Daryai	Muslim Shrine	Gujrat, Punjab, Pakistan	Hazrat Shah Daula Daryai	1675	Suhrawardi
shrine-of-imam-ali-ul-haq	Shrine of Imam Ali-ul-Haq	Muslim Shrine	Sialkot, Punjab	Hazrat Imam Ali-ul-Haq (Imam Sahib)		
shrine-of-jalaluddin-surkh-posh-bukhari-jalaluddin-bukhari	Shrine of Jalaluddin Surkh-Posh Bukhari (Jalaluddin Bukhari)	Muslim Shrine	Uch Sharif, Bahawalpur District, Punjab, Pakistan	Sayyid Jalaluddin Surkh-Posh Bukhari	1291	Suhrawardi
shrine-of-lakhi-shah-saddar	Shrine of Lakhi Shah Saddar	Muslim Shrine	Laki (Lakhi), near Sehwan Sharif, Jamshoro, Sindh, Pakistan	Syed Shah Sadaruddin Lakyari (Lakhi Shah Saddar)		
shrine-of-makhdoom-abdul-rahim-girhori	Shrine of Makhdoom Abdul Rahim Girhori	Muslim Shrine	Girhor Sharif, near Pithoro, Umarkot, Sindh, Pakistan	Makhdoom Abdul Rahim Girhori	1778	Naqshbandi
shrine-of-makhdoom-jahaniyan-jahangasht	Shrine of Makhdoom Jahaniyan Jahangasht	Muslim Shrine	Uch Sharif, Bahawalpur District, Punjab, Pakistan	Sayyid Jalaluddin (Makhdoom Jahaniyan Jahangasht)	1384	Suhrawardi
shrine-of-makhdoom-nooh-hala	Shrine of Makhdoom Nooh (Hala)	Muslim Shrine	Hala, Matiari District, Sindh, Pakistan	Makhdoom Nooh (Makhdoom Lutufullah)	1590	Suhrawardi
shrine-of-mauj-darya-bukhari	Shrine of Mauj Darya Bukhari	Muslim Shrine	Edward Road, Anarkali, Lahore, Punjab, Pakistan	Hazrat Meeran Muhammad Shah Bukhari (Mauj Darya)	1604	Suhrawardi
shrine-of-mian-mir	Shrine of Mian Mir	Muslim Shrine	Alam Ganj (Dharampura), Lahore, Punjab, Pakistan	Mian Mir (Mir Mohammad of Sind)	1635	Qadiri
shrine-of-mian-umar-baba-chamkani	Shrine of Mian Umar Baba (Chamkani)	Muslim Shrine	Chamkani, Peshawar, Khyber Pakhtunkhwa, Pakistan	Mian Muhammad Umar Chamkani	1776	Naqshbandi
shrine-of-miran-hussain-zanjani-zanjani-sahib	Shrine of Miran Hussain Zanjani (Zanjani Sahib)	Muslim Shrine	Chah Miran, Lahore, Punjab, Pakistan	Syed Miran Hussain Zanjani	1042	
peer-makki	Shrine of Peer Makki	Muslim Shrine	Bhati Gate area (near Data Darbar), Lahore, Punjab, Pakistan	Hazrat Syed Azizuddin al-Hassani wal-Hussaini (Peer Makki)	1215	
shrine-of-pir-baba-syed-ali-tirmizi	Shrine of Pir Baba (Syed Ali Tirmizi)	Muslim Shrine	Pacha Kalay, Buner District, Khyber Pakhtunkhwa, Pakistan	Syed Ali Tirmizi (Pir Baba)	1583	
shrine-of-pir-chhatal-shah-noorani	Shrine of Pir Chhatal Shah Noorani	Muslim Shrine	Near Naulung (Moola gorge), Gandava area, Jhal Magsi District, Balochistan, Pakistan	Pir Chhatal Shah Noorani		
shrine-of-pir-lakha-aab-e-shifa-jhal-magsi	Shrine of Pir Lakha (Aab-e-Shifa), Jhal Magsi	Muslim Shrine	Near Kotra (Moola gorge area), Jhal Magsi District, Balochistan, Pakistan	Pir Lakha		
shrine-of-pir-mangho	Shrine of Pir Mangho	Muslim Shrine	Gadap Town, Karachi, Sindh	Pir Mangho (Haji Syed Sakhi Sultan)		
shrine-of-pir-sher-muhammad	Shrine of Pir Sher Muhammad	Muslim Shrine	Sharaqpur, Sharaqpur, Punjab	Mian Pir Sher Muhammad Sharaqpuri	1928	Qadiri
shrine-of-qalandar-baba-auliya	Shrine of Qalandar Baba Auliya	Muslim Shrine	Shadman Town, Karachi, Sindh	Sayyid Muhammad Azeem Barkhiya (Qalandar Baba Auliya)	1979	Azeemia
shrine-of-sachal-sarmast	Shrine of Sachal Sarmast	Muslim Shrine	Daraza, Khairpur, Sindh	Sachal Sarmast (Abdul Wahab Faruqi)	1827	
shrine-of-shah-abdul-karim-bulri	Shrine of Shah Abdul Karim Bulri	Muslim Shrine	Bulri Shah Karim, Tando Muhammad Khan District, Sindh, Pakistan	Shah Abdul Karim Bulri	1623	
shrine-of-shah-inayat-qadiri	Shrine of Shah Inayat Qadiri	Muslim Shrine	Mozang Chungi, Queens Road, Lahore, Punjab, Pakistan	Shah Inayat Qadiri	c. 1728	Qadri Shattari
shah-jamal	Shrine of Shah Jamal	Muslim Shrine	Shah Jamal/Ichhra, Lahore, Punjab, Pakistan	Syed Shah Jamal Uddin Naqvi Bukhari	1671	Suhrawardi
shrine-of-shah-rukn-e-alam	Shrine of Shah Rukn-e-Alam	Muslim Shrine	Multan City, Multan, Punjab	Shah Rukn-e-Alam (Rukn-ud-Din Abul Fath)	1335	Suhrawardi
shrine-of-shah-shams-ud-din-sabzwari	Shrine of Shah Shams-ud-Din Sabzwari	Muslim Shrine	Multan, Punjab	Shah Shams-ud-Din Sabzwari	1276	
shrine-of-shah-yusaf-gardez	Shrine of Shah Yusaf Gardez	Muslim Shrine	Multan, Punjab	Shah Yusuf Gardez	1150	
shrine-of-syed-musa-pak	Shrine of Syed Musa Pak	Muslim Shrine	Multan, Multan, Punjab	Syed Musa Pak Shaheed		Qadiri
sial-sharif	Sial Sharif	Muslim Shrine	Sial Sharif, Sial Sharif (Sargodha District), Punjab	Khwaja Muhammad Shamsuddin Sialvi	1883	Chishti
swami-dharmdas-darbar-larkana-kennedy-market	Swami Dharmdas Darbar, Larkana (Kennedy Market)	Nanakpanthi / Udasi Darbar	Kennedy Market area, Larkana, Larkana District, Sindh, Pakistan	Swami Dharmdas		
tilla-jogian	Tilla Jogian	Hindu Temple	Salt Range (near Dina/Jhelum), Punjab, Pakistan	Guru Gorakhnath (Nath yogis)		
mazar-e-iqbal	Tomb of Allama Iqbal (Mazar-e-Iqbal)	Muslim Shrine	Lahore, Punjab, Pakistan	Allama Muhammad Iqbal	1938	
tomb-of-baha-al-halim-uch-sharif	Tomb of Baha'al-Halim (Uch Sharif)	Muslim Shrine	Uch Sharif, Bahawalpur District, Punjab, Pakistan	Hazrat Baha'al-Halim		Suhrawardi
tomb-of-javindi-bibi	Tomb of Javindi Bibi	Muslim Shrine	Mohalla Bukhari, Uch Sharif, Punjab	Bibi Jawindi		Suhrawardi
tomb-of-qutbuddin-aibak	Tomb of Qutbuddin Aibak	Secular / Memorial	Aibak Road, Anarkali, Lahore, Punjab, Pakistan	Sultan Qutb ud-Din Aibak	1210	
tomb-of-ustad-nuriya	Tomb of Ustad Nuriya	Secular / Memorial	Bukhari mound, Uch Sharif, Bahawalpur District, Punjab, Pakistan	Ustad Nuriya		
umarkot-amarkot-shiv-mandir	Umarkot (Amarkot) Shiv Mandir	Hindu Temple	Umerkot District, Sindh, Pakistan	Shiva (Mahadev)		
valmik-mandir-naqi-road	Valmik Mandir (Naqi Road)	Hindu Temple	Naqi Road, Lahore, Punjab, Pakistan	Valmiki (Bhagwan Valmik)		
valmiki-swamiji-mandir-gracy-lines-rawalpindi	Valmiki Swamiji Mandir (Gracy Lines), Rawalpindi	Hindu Temple	Gracy Lines, Chaklala Cantonment, Rawalpindi, Punjab, Pakistan	Valmiki (Bhagwan Valmik)		
wadpagga-sharif	Wadpagga Sharif	Muslim Shrine	Wadpagga Sharif, Peshawar, Khyber Pakhtunkhwa	Ghazi Syed Shah Fateh Muhammad Bukhari		Suhrawardi
ziarat-kaka-sahib	Ziarat Kaka Sahib	Muslim Shrine	Ziarat Kaka Sahib, Nowshera District, Khyber Pakhtunkhwa, Pakistan	Syed Kasteer Gul (Kaka Sahib)	1653	Naqshbandi
