slug	field	width	height	ratio	url
allo-mahar	Image 1	1024	1280	0.8000	https://upload.wikimedia.org/wikipedia/commons/f/f2/Shrine_Of_Allo_Mahar_sharif.jpg
amb-temples-amb-sharif	Image 1	4000	3000	1.3333	https://commons.wikimedia.org/wiki/Special:FilePath/Amb_sharif.jpg
bari-imam	Image 1	853	640	1.3328	https://aalequtub.com/wp-content/uploads/2021/11/853px-pakistan-bari_imam_tomb-islamabad-40ibnezhar_sep_2016_2.jpg
bhit-bhit-shah	Image 1	2446	1726	1.4171	https://upload.wikimedia.org/wikipedia/commons/5/59/Dargah_Hazrat_Shah_Abdul_Latif_Bhittai_ra.jpg
chandragup-baba-chandragup	Image 1	4032	3024	1.3333	https://commons.wikimedia.org/wiki/Special:FilePath/Chandragup%20I%20Mud%20Volcano.jpg
churrio-jabal-durga-mata-temple	Image 1	720	1280	0.5625	https://commons.wikimedia.org/wiki/Special:FilePath/Durga_Mata_Temple_4.jpg
darbar-abul-muali-qadri	Image 1	1600	1200	1.3333	https://raufnawaz.github.io/Sufi-Shrines/photos/abul-muali-qadri/abul-muali-qadri-01.jpg
darbar-abul-muali-qadri	Image 2	1600	1200	1.3333	https://raufnawaz.github.io/Sufi-Shrines/photos/abul-muali-qadri/abul-muali-qadri-02.jpg
darbar-abul-muali-qadri	Image 3	1600	1200	1.3333	https://raufnawaz.github.io/Sufi-Shrines/photos/abul-muali-qadri/abul-muali-qadri-03.jpg
darbar-abul-muali-qadri	Image 4	1600	1200	1.3333	https://raufnawaz.github.io/Sufi-Shrines/photos/abul-muali-qadri/abul-muali-qadri-04.jpg
darbar-abul-muali-qadri	Image 5	1600	1200	1.3333	https://raufnawaz.github.io/Sufi-Shrines/photos/abul-muali-qadri/abul-muali-qadri-05.jpg
darbar-abul-muali-qadri	Image 6	1600	1200	1.3333	https://raufnawaz.github.io/Sufi-Shrines/photos/abul-muali-qadri/abul-muali-qadri-06.jpg
darbar-abul-muali-qadri	Image 7	1600	1200	1.3333	https://raufnawaz.github.io/Sufi-Shrines/photos/abul-muali-qadri/abul-muali-qadri-07.jpg
darbar-abul-muali-qadri	Image 8	1600	1200	1.3333	https://raufnawaz.github.io/Sufi-Shrines/photos/abul-muali-qadri/abul-muali-qadri-08.jpg
darbar-abul-muali-qadri	Image 9	1600	1200	1.3333	https://raufnawaz.github.io/Sufi-Shrines/photos/abul-muali-qadri/abul-muali-qadri-09.jpg
darbar-ghamkol-sharif-zinda-pir	Image 1	1280	960	1.3333	https://commons.wikimedia.org/wiki/Special:FilePath/Ghamkol_Shareef_Kohat,_KPK_Pakistan.jpg
darbar-ghazi-ilm-din-shaheed	Image 1	1600	1200	1.3333	https://raufnawaz.github.io/Sufi-Shrines/photos/ghazi-ilm-din-shaheed/ghazi-ilm-din-shaheed-01.jpg
darbar-ghazi-ilm-din-shaheed	Image 2	1600	1200	1.3333	https://raufnawaz.github.io/Sufi-Shrines/photos/ghazi-ilm-din-shaheed/ghazi-ilm-din-shaheed-02.jpg
darbar-ghazi-ilm-din-shaheed	Image 3	1600	1200	1.3333	https://raufnawaz.github.io/Sufi-Shrines/photos/ghazi-ilm-din-shaheed/ghazi-ilm-din-shaheed-03.jpg
darbar-ghazi-ilm-din-shaheed	Image 4	1600	1200	1.3333	https://raufnawaz.github.io/Sufi-Shrines/photos/ghazi-ilm-din-shaheed/ghazi-ilm-din-shaheed-04.jpg
darbar-ghazi-ilm-din-shaheed	Image 5	1600	1200	1.3333	https://raufnawaz.github.io/Sufi-Shrines/photos/ghazi-ilm-din-shaheed/ghazi-ilm-din-shaheed-05.jpg
darbar-ghazi-ilm-din-shaheed	Image 6	1600	1200	1.3333	https://raufnawaz.github.io/Sufi-Shrines/photos/ghazi-ilm-din-shaheed/ghazi-ilm-din-shaheed-06.jpg
darbar-ghazi-ilm-din-shaheed	Image 7	1600	1200	1.3333	https://raufnawaz.github.io/Sufi-Shrines/photos/ghazi-ilm-din-shaheed/ghazi-ilm-din-shaheed-07.jpg
darbar-ghazi-ilm-din-shaheed	Image 8	1600	1200	1.3333	https://raufnawaz.github.io/Sufi-Shrines/photos/ghazi-ilm-din-shaheed/ghazi-ilm-din-shaheed-08.jpg
darbar-ghazi-ilm-din-shaheed	Image 9	1600	1200	1.3333	https://raufnawaz.github.io/Sufi-Shrines/photos/ghazi-ilm-din-shaheed/ghazi-ilm-din-shaheed-09.jpg
darbar-ghazi-ilm-din-shaheed	Image 10	1600	1200	1.3333	https://raufnawaz.github.io/Sufi-Shrines/photos/ghazi-ilm-din-shaheed/ghazi-ilm-din-shaheed-10.jpg
darbar-hazrat-khawaja-feroz-ud-din-gharib-nawaz-chishti-nizami	Image 1	1600	1200	1.3333	https://raufnawaz.github.io/Sufi-Shrines/photos/khawaja-feroz-ud-din-gharib-nawaz/khawaja-feroz-ud-din-gharib-nawaz-01.jpg
darbar-hazrat-khawaja-feroz-ud-din-gharib-nawaz-chishti-nizami	Image 2	1600	1200	1.3333	https://raufnawaz.github.io/Sufi-Shrines/photos/khawaja-feroz-ud-din-gharib-nawaz/khawaja-feroz-ud-din-gharib-nawaz-02.jpg
darbar-hazrat-khawaja-feroz-ud-din-gharib-nawaz-chishti-nizami	Image 3	1600	1200	1.3333	https://raufnawaz.github.io/Sufi-Shrines/photos/khawaja-feroz-ud-din-gharib-nawaz/khawaja-feroz-ud-din-gharib-nawaz-03.jpg
darbar-hazrat-khawaja-feroz-ud-din-gharib-nawaz-chishti-nizami	Image 4	1600	1200	1.3333	https://raufnawaz.github.io/Sufi-Shrines/photos/khawaja-feroz-ud-din-gharib-nawaz/khawaja-feroz-ud-din-gharib-nawaz-04.jpg
darbar-hazrat-khawaja-feroz-ud-din-gharib-nawaz-chishti-nizami	Image 5	1600	1200	1.3333	https://raufnawaz.github.io/Sufi-Shrines/photos/khawaja-feroz-ud-din-gharib-nawaz/khawaja-feroz-ud-din-gharib-nawaz-05.jpg
darbar-hazrat-khawaja-feroz-ud-din-gharib-nawaz-chishti-nizami	Image 6	1600	1200	1.3333	https://raufnawaz.github.io/Sufi-Shrines/photos/khawaja-feroz-ud-din-gharib-nawaz/khawaja-feroz-ud-din-gharib-nawaz-06.jpg
darbar-hazrat-khawaja-feroz-ud-din-gharib-nawaz-chishti-nizami	Image 7	1600	1200	1.3333	https://raufnawaz.github.io/Sufi-Shrines/photos/khawaja-feroz-ud-din-gharib-nawaz/khawaja-feroz-ud-din-gharib-nawaz-07.jpg
darbar-hazrat-khawaja-feroz-ud-din-gharib-nawaz-chishti-nizami	Image 8	1600	1200	1.3333	https://raufnawaz.github.io/Sufi-Shrines/photos/khawaja-feroz-ud-din-gharib-nawaz/khawaja-feroz-ud-din-gharib-nawaz-08.jpg
darbar-hazrat-khawaja-feroz-ud-din-gharib-nawaz-chishti-nizami	Image 9	1600	1200	1.3333	https://raufnawaz.github.io/Sufi-Shrines/photos/khawaja-feroz-ud-din-gharib-nawaz/khawaja-feroz-ud-din-gharib-nawaz-09.jpg
darbar-hazrat-khawaja-shah-muhammad-sulaiman-taunsvi-r-a	Image 1	1600	1200	1.3333	https://commons.wikimedia.org/wiki/Special:FilePath/Roof_of_Shrine_of_Hazrat_Muhammad_Suleman_Taunsvi.jpg
darbar-hazrat-tahir-bandagi-qadri	Image 1	1600	1200	1.3333	https://raufnawaz.github.io/Sufi-Shrines/photos/tahir-bandagi-qadri/tahir-bandagi-qadri-01.jpg
darbar-hazrat-tahir-bandagi-qadri	Image 2	1600	1200	1.3333	https://raufnawaz.github.io/Sufi-Shrines/photos/tahir-bandagi-qadri/tahir-bandagi-qadri-02.jpg
darbar-hazrat-tahir-bandagi-qadri	Image 3	1600	1200	1.3333	https://raufnawaz.github.io/Sufi-Shrines/photos/tahir-bandagi-qadri/tahir-bandagi-qadri-03.jpg
darbar-hazrat-tahir-bandagi-qadri	Image 4	1200	1600	0.7500	https://raufnawaz.github.io/Sufi-Shrines/photos/tahir-bandagi-qadri/tahir-bandagi-qadri-04.jpg
darbar-hazrat-tahir-bandagi-qadri	Image 5	1600	1200	1.3333	https://raufnawaz.github.io/Sufi-Shrines/photos/tahir-bandagi-qadri/tahir-bandagi-qadri-05.jpg
darbar-hazrat-tahir-bandagi-qadri	Image 6	1600	1200	1.3333	https://raufnawaz.github.io/Sufi-Shrines/photos/tahir-bandagi-qadri/tahir-bandagi-qadri-06.jpg
darbar-hazrat-tahir-bandagi-qadri	Image 7	1600	1200	1.3333	https://raufnawaz.github.io/Sufi-Shrines/photos/tahir-bandagi-qadri/tahir-bandagi-qadri-07.jpg
darbar-hazrat-tahir-bandagi-qadri	Image 8	1600	1200	1.3333	https://raufnawaz.github.io/Sufi-Shrines/photos/tahir-bandagi-qadri/tahir-bandagi-qadri-08.jpg
darbar-hazrat-tahir-bandagi-qadri	Image 9	1600	1200	1.3333	https://raufnawaz.github.io/Sufi-Shrines/photos/tahir-bandagi-qadri/tahir-bandagi-qadri-09.jpg
darbar-hazrat-tahir-bandagi-qadri	Image 10	1600	1200	1.3333	https://raufnawaz.github.io/Sufi-Shrines/photos/tahir-bandagi-qadri/tahir-bandagi-qadri-10.jpg
darbar-malik-ahmad-ayaz	Image 1	1029	1579	0.6517	https://raufnawaz.github.io/Sufi-Shrines/photos/malik-ahmad-ayaz/malik-ahmad-ayaz-01.jpg
darbar-malik-ahmad-ayaz	Image 2	1042	784	1.3291	https://raufnawaz.github.io/Sufi-Shrines/photos/malik-ahmad-ayaz/malik-ahmad-ayaz-02.jpg
darbar-malik-ahmad-ayaz	Image 3	1164	1041	1.1182	https://raufnawaz.github.io/Sufi-Shrines/photos/malik-ahmad-ayaz/malik-ahmad-ayaz-03.jpg
darbar-malik-ahmad-ayaz	Image 4	1600	875	1.8286	https://raufnawaz.github.io/Sufi-Shrines/photos/malik-ahmad-ayaz/malik-ahmad-ayaz-04.jpg
darbar-malik-ahmad-ayaz	Image 5	1012	676	1.4970	https://raufnawaz.github.io/Sufi-Shrines/photos/malik-ahmad-ayaz/malik-ahmad-ayaz-05.jpg
darbar-malik-ahmad-ayaz	Image 6	1032	490	2.1061	https://raufnawaz.github.io/Sufi-Shrines/photos/malik-ahmad-ayaz/malik-ahmad-ayaz-06.jpg
darbar-malik-ahmad-ayaz	Image 7	930	1600	0.5813	https://raufnawaz.github.io/Sufi-Shrines/photos/malik-ahmad-ayaz/malik-ahmad-ayaz-07.jpg
darbar-malik-ahmad-ayaz	Image 8	1052	802	1.3117	https://raufnawaz.github.io/Sufi-Shrines/photos/malik-ahmad-ayaz/malik-ahmad-ayaz-08.jpg
darbar-malik-ahmad-ayaz	Image 9	1039	705	1.4738	https://raufnawaz.github.io/Sufi-Shrines/photos/malik-ahmad-ayaz/malik-ahmad-ayaz-09.jpg
darbar-sakhi-shah-chan-charagh	Image 1	560	516	1.0853	https://commons.wikimedia.org/wiki/Special:FilePath/Darbar_chan_chiragh_Rawalpindi.png
darbar-wasif-ali-wasif	Image 1	1600	1200	1.3333	https://raufnawaz.github.io/Sufi-Shrines/photos/wasif-ali-wasif/wasif-ali-wasif-01.jpg
darbar-wasif-ali-wasif	Image 2	1600	1200	1.3333	https://raufnawaz.github.io/Sufi-Shrines/photos/wasif-ali-wasif/wasif-ali-wasif-02.jpg
darbar-wasif-ali-wasif	Image 3	1600	1200	1.3333	https://raufnawaz.github.io/Sufi-Shrines/photos/wasif-ali-wasif/wasif-ali-wasif-03.jpg
darbar-wasif-ali-wasif	Image 4	1600	1200	1.3333	https://raufnawaz.github.io/Sufi-Shrines/photos/wasif-ali-wasif/wasif-ali-wasif-04.jpg
darbar-wasif-ali-wasif	Image 5	1600	1200	1.3333	https://raufnawaz.github.io/Sufi-Shrines/photos/wasif-ali-wasif/wasif-ali-wasif-05.jpg
darbar-wasif-ali-wasif	Image 6	1600	1200	1.3333	https://raufnawaz.github.io/Sufi-Shrines/photos/wasif-ali-wasif/wasif-ali-wasif-06.jpg
darbar-wasif-ali-wasif	Image 7	1600	1200	1.3333	https://raufnawaz.github.io/Sufi-Shrines/photos/wasif-ali-wasif/wasif-ali-wasif-07.jpg
darbar-wasif-ali-wasif	Image 8	1600	1200	1.3333	https://raufnawaz.github.io/Sufi-Shrines/photos/wasif-ali-wasif/wasif-ali-wasif-08.jpg
darbar-wasif-ali-wasif	Image 9	1600	1200	1.3333	https://raufnawaz.github.io/Sufi-Shrines/photos/wasif-ali-wasif/wasif-ali-wasif-09.jpg
darbar-wasif-ali-wasif	Image 10	1600	1200	1.3333	https://raufnawaz.github.io/Sufi-Shrines/photos/wasif-ali-wasif/wasif-ali-wasif-10.jpg
dargah-roza-sufi-shah-inayat-shaheed	Image 1	651	307	2.1205	https://commons.wikimedia.org/wiki/Special:FilePath/Sufi_Shah_Inayat_Shaheed.png
dargah-fateh-pur-sharif	Image 1	1600	1200	1.3333	https://i.tribune.com.pk/media/images/1523631-fat-1507264034/1523631-fat-1507264034.jpg
dargah-of-khwaja-muhammad-zaman-luari-sharif	Image 1	783	482	1.6245	https://commons.wikimedia.org/wiki/Special:FilePath/Tomb_of_Muhammad_Zaman_of_Luari.jpg
dargah-of-pir-muhammad-rashid-roze-dhani-pir-jo-goth	Image 1	4032	3024	1.3333	https://commons.wikimedia.org/wiki/Special:FilePath/Shahi_Gate_of_Dargah_Pir_Jo_Goth,_Khairpur_Mir's.jpg
dargah-pir-ratan-nath-jee	Image 1	4608	3072	1.5000	https://commons.wikimedia.org/wiki/Special:FilePath/Peshawar_Temple_Door.JPG
darya-lal-mandir-darya-lal-sankat-mochan-mandir	Image 1	438	280	1.5643	https://commons.wikimedia.org/wiki/Special:FilePath/Darya_Lal_Mandir_1.jpg
data-darbar	Image 1	500	335	1.4925	https://upload.wikimedia.org/wikipedia/commons/thumb/f/fa/Data_Durbar_as_more_then_one_decade_before_by_Usman_Ghani.jpg/500px-Data_Durbar_as_more_then_one_decade_before_by_Usman_Ghani.jpg
data-darbar	Image 2	1599	899	1.7786	https://raufnawaz.github.io/Sufi-Shrines/photos/data-darbar/data-darbar-01.jpg
eidgah-sharif	Image 1	1078	1374	0.7846	https://upload.wikimedia.org/wikipedia/commons/4/49/Eid_gah_shrine.jpg
garh-maharaja-shorkot	Image 1	1080	573	1.8848	https://sultan-bahoo.com/wp-content/uploads/2021/06/WhatsApp-Image-2021-06-14-at-5.20.38-PM.jpeg
golra-sharif	Image 1	1805	1200	1.5042	https://upload.wikimedia.org/wikipedia/commons/0/0c/Mausoleum_of_Meher_Ali_Shah_by_Balochlens.jpg
gorakhnath-goraknath-temple	Image 1	1200	1600	0.7500	https://commons.wikimedia.org/wiki/Special:FilePath/Gorakhnath_Temple_in_Peshawar_Old_City,_Pakistan.jpg
gori-temple-gori-jo-mandar	Image 1	6000	4000	1.5000	https://commons.wikimedia.org/wiki/Special:FilePath/Ghori_Temple%2C_Tharparkar.jpg
gurdwara-babay-de-ber	Image 1	2048	1152	1.7778	https://commons.wikimedia.org/wiki/Special:FilePath/Main_Deewan_Hall_view_Gurudwara_Beri_Sahib_Sialkot_Punjab_Pakistan.jpg
gurdwara-balila-sahib-bal-lila-sahib	Image 1	700	433	1.6166	https://commons.wikimedia.org/wiki/Special:FilePath/Photograph_of_Gurdwara_Bal_Leela_Sahib,_by_Dhanna_Singh_Chahal_'Patialvi',_1_October_1933.jpg
gurdwara-bhai-joga-singh	Image 1	670	435	1.5402	https://www.sikhiwiki.org/images/f/f0/Jogasingh_aw.jpg
gurdwara-chakki-sahib	Image 1	2048	1338	1.5306	https://commons.wikimedia.org/wiki/Special:FilePath/Photograph_of_Guru_Nanak%27s_%22chakki%22_%28hand-millstone%29_relic_at_Gurdwara_Chakki_Sahib%2C_Eminabad%2C_taken_by_Dhanna_Singh_Chahal_%27Patialvi%27%2C_4_October_1932.jpg
gurdwara-darbar-sahib-kartarpur	Image 1	3978	2983	1.3336	https://upload.wikimedia.org/wikipedia/commons/6/66/Gurdwara_Darbar_Sahib_Kartarpur_04.jpg
gurdwara-dera-sahib	Image 1	330	401	0.8229	https://upload.wikimedia.org/wikipedia/commons/thumb/c/c1/Gurdwara_Dera_Sahib_Lahore.jpg/330px-Gurdwara_Dera_Sahib_Lahore.jpg
gurdwara-guru-ram-das-ji	Image 1	3891	2912	1.3362	https://commons.wikimedia.org/wiki/Special:FilePath/Gurudwara_Ram_Das,_Lahore.jpg
gurdwara-panja-sahib	Image 1	330	247	1.3360	https://upload.wikimedia.org/wikipedia/commons/thumb/b/ba/PanjaSahibHasanAbdal.jpg/330px-PanjaSahibHasanAbdal.jpg
gurdwara-patshahi-chhevin-hadiara-lahore	Image 1	2439	1945	1.2540	https://commons.wikimedia.org/wiki/Special:FilePath/Mural_depicting_the_Battle_of_Kartarpur_(April_1635)_from_Gurdwara_Chhevin_Patshahi,_Hadiara,_Lahore_district.jpg
gurdwara-rori-sahib	Image 1	1200	900	1.3333	https://dvncorestorageprod.blob.core.windows.net/files/page/166/Image/Rori%20Sahib_20240830070623556.jpg
gurdwara-sahib-saidpur-guru-nanak-dev-ji	Image 1	6000	4000	1.5000	https://commons.wikimedia.org/wiki/Special:FilePath/Gurdwara_in_Saidpur_ICT_20180515134753_IMG_0331.jpg
gurdwara-shaheed-bhai-taru-singh	Image 1	450	550	0.8182	https://www.discoversikhism.com/images/gurdwara/gurdwara_sri_shaheed_ganj_bhai_taru/gurdwara_sri_shaheed_ganj_bhai_taru1.jpg
gurdwara-sri-kiara-sahib	Image 1	1200	904	1.3274	https://www.discoversikhism.com/images/gurdwara/gurdwara_sri_kiara_sahib/gurdwara_sri_kiara_sahib1.jpg
gurudwara-janam-asthan-nankana-sahib	Image 1	5312	2988	1.7778	https://upload.wikimedia.org/wikipedia/commons/8/85/Gurdwara_Janam_Asthan_%28151717%29.jpg
kalat-kali-temple	Image 1	1261	743	1.6972	https://commons.wikimedia.org/wiki/Special:FilePath/Kalat_Kali_Temple_at_Kalat_City.jpg
kalka-cave-temple-asthan-of-kalka-devi	Image 1	4288	2848	1.5056	https://commons.wikimedia.org/wiki/Special:FilePath/Kalka_Cave_Temple_by_Usma_Ghani.jpg
katas-raj-temples	Image 1	4128	2322	1.7778	https://commons.wikimedia.org/wiki/Special:FilePath/Katas_Raj_temples.jpg
khatwari-darbar-shikarpur	Image 1	2048	1620	1.2642	https://commons.wikimedia.org/wiki/Special:FilePath/Fresco_depicting_Bhai_Khanaiya_meeting_Guru_Gobind_Singh_from_Sri_Khat_Wari_Darbar%2C_Shikarpur%2C_Sindh.jpg
krishna-mandir-kabari-bazar	Image 1	720	464	1.5517	https://commons.wikimedia.org/wiki/Special:FilePath/Shikara_of_Shri_Krishna_Mandir_Rawalpindi.jpg
krishna-mandir-ravi-road	Image 1	800	444	1.8018	https://commons.wikimedia.org/wiki/Special:FilePath/Krishna_Mandir,_Lahore.jpg
lal-shahbaz-qalandar	Image 1	500	333	1.5015	https://upload.wikimedia.org/wikipedia/commons/thumb/a/ad/Shrine_Lal_Shahbaz_Qalandar%2C_Sehwan_Shareef%2C_Sindh%2C_Pakistan.jpg/500px-Shrine_Lal_Shahbaz_Qalandar%2C_Sehwan_Shareef%2C_Sindh%2C_Pakistan.jpg
langer-makhdoom	Image 1	405	639	0.6338	https://live.staticflickr.com/8098/8422587223_6782e83476_z.jpg
loh-temple-lava-temple	Image 1	1024	768	1.3333	https://commons.wikimedia.org/wiki/Special:FilePath/Temple_associated_with_Loh.JPG
mausoleum-of-waris-shah	Image 1	800	790	1.0127	https://commons.wikimedia.org/wiki/Special:FilePath/Portrait_of_the_Punjabi_poet_Waris_Shah_(Lahore,_ca.1859).jpg
mazar-of-bulleh-shah	Image 1	1500	900	1.6667	https://upload.wikimedia.org/wikipedia/commons/f/f8/Shrine_Hazrat_Baba_Bulleh_Shah.jpg
mithankot-kot-mithan	Image 1	5347	3648	1.4657	https://upload.wikimedia.org/wikipedia/commons/e/e7/Tomb_of_Khwaja_Ghulam_Farid.jpg
mohra-sharif-khanqah	Image 1	5184	3456	1.5000	https://commons.wikimedia.org/wiki/Special:FilePath/Darbar_e_aliya_mohra_sharif.jpg
nagarparkar-jain-temples-nagarparkar-cultural-landscape	Image 1	3648	2736	1.3333	https://commons.wikimedia.org/wiki/Special:FilePath/Bhodesar_temple,_Nagarparkar.JPG
parnami-mandir	Image 1	1440	1200	1.2000	https://maariawaseem.wordpress.com/wp-content/uploads/2021/02/img_2918.jpg?w=1440&h=1200&crop=1
prahladpuri-temple	Image 1	5184	3456	1.5000	https://commons.wikimedia.org/wiki/Special:FilePath/Prahladpuri_Temple_View.jpg
ram-mandir-saidpur-ram-kund-mandir	Image 1	3456	5184	0.6667	https://commons.wikimedia.org/wiki/Special:FilePath/The_Hindu_Temple_at_Saidur_Village.JPG
ramapir-temple-tando-allahyar	Image 1	720	1151	0.6255	https://commons.wikimedia.org/wiki/Special:FilePath/RAMAPIR_TEMPLE_TANDOALLAHYAR.jpg
ranmal-sharif	Image 1	664	462	1.4372	https://mbdin.com/wp-content/uploads/2020/05/village-ranmal.jpg
sadh-belo-sadh-belo-island-temple	Image 1	640	480	1.3333	https://commons.wikimedia.org/wiki/Special:FilePath/A_woman_reciting_the_Gita_at_the_Sadh_Belo_temple_on_the_special_occasion_of_the_150th_death_anniversary_of_Baba_Bhankandi_Maharaj.jpg
sakhi-sarwar	Image 1	800	480	1.6667	https://i.dawn.com/large/2014/04/534cf2d7bc3ab.jpg
samadhi-of-maharaja-ranjit-singh	Image 1	2096	2674	0.7838	https://commons.wikimedia.org/wiki/Special:FilePath/Samadhi%20of%20Ranjit%20Singh%20123.jpg
shah-noorani-shrine-syed-bilawal-shah-noorani	Image 1	1536	2048	0.7500	https://commons.wikimedia.org/wiki/Special:FilePath/Mazar_Noorani_Shah_Baba_Balochistan_-_panoramio.jpg
shah-yousuf	Image 1	1200	675	1.7778	https://api.salampakistan.gov.pk/photo-1626121387010.jpeg
shahwala-teja-singh-mandir	Image 1	599	479	1.2505	https://commons.wikimedia.org/wiki/Special:FilePath/Shawala_Teja_Singh_Temple,_Sialkot.jpg
shaktipeeth-shri-hinglaj-mata-mandir	Image 1	1280	720	1.7778	https://static.toiimg.com/thumb/msid-109525095,width-1280,height-720,imgsize-210290,resizemode-6,overlay-toi_sw,pt-32,y_pad-40/photo.jpg
shamsabad	Image 1	640	480	1.3333	https://miro.medium.com/1*eyT2zQwnT7gT4J6YiR_xIQ.jpeg
sharada-peeth	Image 1	3840	2160	1.7778	https://commons.wikimedia.org/wiki/Special:FilePath/Shardah_Peeth,_Neelum_Valley,_Azad_Kashmir.jpg
shergarh	Image 1	1200	630	1.9048	https://blogger.googleusercontent.com/img/b/R29vZ2xl/AVvXsEiqCSqLOfY4b3GWljdX3Pd6G8q5Hi06Dvh4PBflpT6jQQHnl67K5bGoGv6TXuGu0vO-ehaXvsTu5fX0YbcZrjO_mnbZySI4Y1AUocy-ykeYK1-zQrNjP7ZL80JzTv1cSaX3eDnq4bYI8NQ/w1200-h630-p-k-no-nu/DSC_8686.jpg
shiv-mandir-chiti-ghati	Image 1	716	481	1.4886	https://commons.wikimedia.org/wiki/Special:FilePath/Mansehra_Shiva_Temple.jpg
shree-ratneshwar-mahadev-temple-karachi	Image 1	1936	2592	0.7469	https://commons.wikimedia.org/wiki/Special:FilePath/The_remains_of_a_Hindu_Temple,near_Jehangir_Kothari_Parade.JPG
shri-laxmi-narayan-mandir-native-jetty-bridge	Image 1	4608	3456	1.3333	https://commons.wikimedia.org/wiki/Special:FilePath/Shri_Laxmi_Narayan_Mandir.JPG
shri-panchmukhi-hanuman-mandir-karachi	Image 1	611	699	0.8741	https://commons.wikimedia.org/wiki/Special:FilePath/Punchamukhi_Hanuman_Temple_1.jpg
shri-swaminarayan-mandir-karachi	Image 1	640	480	1.3333	https://commons.wikimedia.org/wiki/Special:FilePath/Karachi_Mandir.jpg
shri-varun-dev-mandir	Image 1	1224	1632	0.7500	https://commons.wikimedia.org/wiki/Special:FilePath/Mandir_tower.JPG
shrine-at-odero-lal-udero-lal-teerath-asthan	Image 1	4224	3168	1.3333	https://commons.wikimedia.org/wiki/Special:FilePath/Shrine_at_Odero_Lal.jpg
shrine-of-abdullah-shah-ghazi	Image 1	3050	2288	1.3330	https://upload.wikimedia.org/wikipedia/commons/4/46/Abdullah_Shah_Ghazi_Mausoleum_%28Pic2%29.jpg
shrine-of-abul-faiz-qalander-ali-suharwardi	Image 1	1600	1200	1.3333	https://raufnawaz.github.io/Sufi-Shrines/photos/abul-faiz-qalander-ali-suharwardi/abul-faiz-qalander-ali-suharwardi-01.jpg
shrine-of-abul-faiz-qalander-ali-suharwardi	Image 2	1600	1200	1.3333	https://raufnawaz.github.io/Sufi-Shrines/photos/abul-faiz-qalander-ali-suharwardi/abul-faiz-qalander-ali-suharwardi-02.jpg
shrine-of-abul-faiz-qalander-ali-suharwardi	Image 3	1600	1200	1.3333	https://raufnawaz.github.io/Sufi-Shrines/photos/abul-faiz-qalander-ali-suharwardi/abul-faiz-qalander-ali-suharwardi-03.jpg
shrine-of-abul-faiz-qalander-ali-suharwardi	Image 4	1600	1200	1.3333	https://raufnawaz.github.io/Sufi-Shrines/photos/abul-faiz-qalander-ali-suharwardi/abul-faiz-qalander-ali-suharwardi-04.jpg
shrine-of-abul-faiz-qalander-ali-suharwardi	Image 5	1600	1200	1.3333	https://raufnawaz.github.io/Sufi-Shrines/photos/abul-faiz-qalander-ali-suharwardi/abul-faiz-qalander-ali-suharwardi-05.jpg
shrine-of-abul-faiz-qalander-ali-suharwardi	Image 6	1600	1200	1.3333	https://raufnawaz.github.io/Sufi-Shrines/photos/abul-faiz-qalander-ali-suharwardi/abul-faiz-qalander-ali-suharwardi-06.jpg
shrine-of-abul-faiz-qalander-ali-suharwardi	Image 7	1600	1200	1.3333	https://raufnawaz.github.io/Sufi-Shrines/photos/abul-faiz-qalander-ali-suharwardi/abul-faiz-qalander-ali-suharwardi-07.jpg
shrine-of-abul-faiz-qalander-ali-suharwardi	Image 8	1600	1200	1.3333	https://raufnawaz.github.io/Sufi-Shrines/photos/abul-faiz-qalander-ali-suharwardi/abul-faiz-qalander-ali-suharwardi-08.jpg
shrine-of-abul-faiz-qalander-ali-suharwardi	Image 9	1600	1200	1.3333	https://raufnawaz.github.io/Sufi-Shrines/photos/abul-faiz-qalander-ali-suharwardi/abul-faiz-qalander-ali-suharwardi-09.jpg
shrine-of-abul-faiz-qalander-ali-suharwardi	Image 10	1600	1200	1.3333	https://raufnawaz.github.io/Sufi-Shrines/photos/abul-faiz-qalander-ali-suharwardi/abul-faiz-qalander-ali-suharwardi-10.jpg
shrine-of-baba-shah-chiragh	Image 1	5184	3456	1.5000	https://commons.wikimedia.org/wiki/Special:FilePath/Shah_Chiragh_Chambers_Lahore.jpg
shrine-of-bahauddin-zakariya	Image 1	800	552	1.4493	https://i.tribune.com.pk/media/images/1298511-bahauddinzakariyacopy-1484676791/1298511-bahauddinzakariyacopy-1484676791.jpg
shrine-of-bibi-pak-daman	Image 1	1599	899	1.7786	https://raufnawaz.github.io/Sufi-Shrines/photos/bibi-pak-daman/bibi-pak-daman-01.jpg
shrine-of-bibi-pak-daman	Image 2	899	1599	0.5622	https://raufnawaz.github.io/Sufi-Shrines/photos/bibi-pak-daman/bibi-pak-daman-06.jpg
shrine-of-bibi-pak-daman	Image 3	899	1599	0.5622	https://raufnawaz.github.io/Sufi-Shrines/photos/bibi-pak-daman/bibi-pak-daman-03.jpg
shrine-of-bibi-pak-daman	Image 4	899	1599	0.5622	https://raufnawaz.github.io/Sufi-Shrines/photos/bibi-pak-daman/bibi-pak-daman-04.jpg
shrine-of-bibi-pak-daman	Image 5	899	1599	0.5622	https://raufnawaz.github.io/Sufi-Shrines/photos/bibi-pak-daman/bibi-pak-daman-07.jpg
shrine-of-bibi-pak-daman	Image 6	720	540	1.3333	https://raufnawaz.github.io/Sufi-Shrines/photos/bibi-pak-daman/bibi-pak-daman-02.jpg
shrine-of-bibi-pak-daman	Image 7	899	1599	0.5622	https://raufnawaz.github.io/Sufi-Shrines/photos/bibi-pak-daman/bibi-pak-daman-05.jpg
shrine-of-fariduddin-ganjshakar	Image 1	2205	1703	1.2948	https://upload.wikimedia.org/wikipedia/commons/0/0c/Darbar_Hazrat_Baba_Farid_ud_Deen_Ganj_Shakar_Rahmatullah_Alaih_-_panoramio.jpg
shrine-of-ganj-e-inayat-sarkar	Image 1	1600	1200	1.3333	https://raufnawaz.github.io/Sufi-Shrines/photos/ganj-e-inayat-sarkar/ganj-e-inayat-sarkar-01.jpg
shrine-of-ganj-e-inayat-sarkar	Image 2	1045	1435	0.7282	https://raufnawaz.github.io/Sufi-Shrines/photos/ganj-e-inayat-sarkar/ganj-e-inayat-sarkar-02.jpg
shrine-of-ganj-e-inayat-sarkar	Image 3	1200	1600	0.7500	https://raufnawaz.github.io/Sufi-Shrines/photos/ganj-e-inayat-sarkar/ganj-e-inayat-sarkar-03.jpg
shrine-of-ganj-e-inayat-sarkar	Image 4	1600	1200	1.3333	https://raufnawaz.github.io/Sufi-Shrines/photos/ganj-e-inayat-sarkar/ganj-e-inayat-sarkar-04.jpg
shrine-of-ganj-e-inayat-sarkar	Image 5	1200	1600	0.7500	https://raufnawaz.github.io/Sufi-Shrines/photos/ganj-e-inayat-sarkar/ganj-e-inayat-sarkar-05.jpg
shrine-of-ganj-e-inayat-sarkar	Image 6	1600	1200	1.3333	https://raufnawaz.github.io/Sufi-Shrines/photos/ganj-e-inayat-sarkar/ganj-e-inayat-sarkar-06.jpg
shrine-of-ganj-e-inayat-sarkar	Image 7	1600	1200	1.3333	https://raufnawaz.github.io/Sufi-Shrines/photos/ganj-e-inayat-sarkar/ganj-e-inayat-sarkar-07.jpg
shrine-of-ganj-e-inayat-sarkar	Image 8	1600	1200	1.3333	https://raufnawaz.github.io/Sufi-Shrines/photos/ganj-e-inayat-sarkar/ganj-e-inayat-sarkar-08.jpg
shrine-of-ganj-e-inayat-sarkar	Image 9	1600	1200	1.3333	https://raufnawaz.github.io/Sufi-Shrines/photos/ganj-e-inayat-sarkar/ganj-e-inayat-sarkar-09.jpg
shrine-of-hafiz-muhammad-jamal-multani	Image 1	2824	1883	1.4997	https://commons.wikimedia.org/wiki/Special:FilePath/Shrine_of_Hazrat_Hafiz_Muhammad_Jamal_Multani_by_Usman_ghani.jpg
shrine-of-hazrat-madho-lal-hussain-shah-hussain-darbar	Image 1	1600	1200	1.3333	https://raufnawaz.github.io/Sufi-Shrines/photos/madho-lal-hussain/madho-lal-hussain-01.jpg
shrine-of-hazrat-madho-lal-hussain-shah-hussain-darbar	Image 2	1200	1600	0.7500	https://raufnawaz.github.io/Sufi-Shrines/photos/madho-lal-hussain/madho-lal-hussain-02.jpg
shrine-of-hazrat-madho-lal-hussain-shah-hussain-darbar	Image 3	1600	1200	1.3333	https://raufnawaz.github.io/Sufi-Shrines/photos/madho-lal-hussain/madho-lal-hussain-03.jpg
shrine-of-hazrat-madho-lal-hussain-shah-hussain-darbar	Image 4	1600	1200	1.3333	https://raufnawaz.github.io/Sufi-Shrines/photos/madho-lal-hussain/madho-lal-hussain-04.jpg
shrine-of-hazrat-madho-lal-hussain-shah-hussain-darbar	Image 5	1600	1200	1.3333	https://raufnawaz.github.io/Sufi-Shrines/photos/madho-lal-hussain/madho-lal-hussain-05.jpg
shrine-of-hazrat-madho-lal-hussain-shah-hussain-darbar	Image 6	1600	1200	1.3333	https://raufnawaz.github.io/Sufi-Shrines/photos/madho-lal-hussain/madho-lal-hussain-06.jpg
shrine-of-hazrat-madho-lal-hussain-shah-hussain-darbar	Image 7	1600	1200	1.3333	https://raufnawaz.github.io/Sufi-Shrines/photos/madho-lal-hussain/madho-lal-hussain-07.jpg
shrine-of-hazrat-madho-lal-hussain-shah-hussain-darbar	Image 8	1600	1200	1.3333	https://raufnawaz.github.io/Sufi-Shrines/photos/madho-lal-hussain/madho-lal-hussain-08.jpg
shrine-of-hazrat-madho-lal-hussain-shah-hussain-darbar	Image 9	1600	1200	1.3333	https://raufnawaz.github.io/Sufi-Shrines/photos/madho-lal-hussain/madho-lal-hussain-09.jpg
shrine-of-hazrat-madho-lal-hussain-shah-hussain-darbar	Image 10	1600	1200	1.3333	https://raufnawaz.github.io/Sufi-Shrines/photos/madho-lal-hussain/madho-lal-hussain-10.jpg
shrine-of-hazrat-shah-ali-akbar-shah-ali-akbar-shamsi	Image 1	5760	3840	1.5000	https://commons.wikimedia.org/wiki/Special:FilePath/Tomb_of_Shah_Ali_Akbar.jpg
shrine-of-hazrat-shah-ali-akbar-shah-ali-akbar-shamsi	Image 2	5312	2988	1.7778	https://commons.wikimedia.org/wiki/Special:FilePath/Inner_view_of_Tomb_of_Shah_Ali_Akbar,_Multan.jpg
shrine-of-imam-ali-ul-haq	Image 1	600	450	1.3333	https://www.thpsc.com/wp-content/uploads/2015/03/Imam-Ali-ul-Haq-shrine.jpg
shrine-of-jalaluddin-surkh-posh-bukhari-jalaluddin-bukhari	Image 1	4160	3120	1.3333	https://commons.wikimedia.org/wiki/Special:FilePath/Shrine_of_Hazrat_Jalaluddin_Bukhari_inside.jpg
shrine-of-lakhi-shah-saddar	Image 1	1404	720	1.9500	https://upload.wikimedia.org/wikipedia/commons/d/d5/Shrine_of_Lucky_Shah_Sadar.jpg
shrine-of-makhdoom-jahaniyan-jahangasht	Image 1	4896	3672	1.3333	https://commons.wikimedia.org/wiki/Special:FilePath/Darbar_Makhdoom_Jahaniyan_Jahangasht.jpg
shrine-of-mauj-darya-bukhari	Image 1	4000	3000	1.3333	https://commons.wikimedia.org/wiki/Special:FilePath/Shrine_of_Mauj_Darya,_Lahore.JPG
shrine-of-mian-mir	Image 1	3307	2750	1.2025	https://commons.wikimedia.org/wiki/Special:FilePath/Shrine_of_Sufi_Mian_Mir,_Lahore.jpg
shrine-of-mian-umar-baba-chamkani	Image 1	600	450	1.3333	https://commons.wikimedia.org/wiki/Special:FilePath/Mia_Umar_Baba_Chamkani_Shrine.jpg
shrine-of-miran-hussain-zanjani-zanjani-sahib	Image 1	8000	6000	1.3333	https://commons.wikimedia.org/wiki/Special:FilePath/Miran_Hussain_Zanjani_6.jpg
shrine-of-miran-hussain-zanjani-zanjani-sahib	Image 2	6000	8000	0.7500	https://commons.wikimedia.org/wiki/Special:FilePath/Miran_Hussain_Zanjani_8.jpg
shrine-of-peer-makki	Image 1	1600	894	1.7897	https://raufnawaz.github.io/Sufi-Shrines/photos/peer-makki/peer-makki-01.jpg
shrine-of-peer-makki	Image 2	1600	914	1.7505	https://raufnawaz.github.io/Sufi-Shrines/photos/peer-makki/peer-makki-02.jpg
shrine-of-peer-makki	Image 3	1600	1164	1.3746	https://raufnawaz.github.io/Sufi-Shrines/photos/peer-makki/peer-makki-03.jpg
shrine-of-peer-makki	Image 4	1600	904	1.7699	https://raufnawaz.github.io/Sufi-Shrines/photos/peer-makki/peer-makki-04.jpg
shrine-of-peer-makki	Image 5	1600	892	1.7937	https://raufnawaz.github.io/Sufi-Shrines/photos/peer-makki/peer-makki-05.jpg
shrine-of-peer-makki	Image 6	1600	1063	1.5052	https://raufnawaz.github.io/Sufi-Shrines/photos/peer-makki/peer-makki-06.jpg
shrine-of-peer-makki	Image 7	1600	892	1.7937	https://raufnawaz.github.io/Sufi-Shrines/photos/peer-makki/peer-makki-07.jpg
shrine-of-peer-makki	Image 8	1600	876	1.8265	https://raufnawaz.github.io/Sufi-Shrines/photos/peer-makki/peer-makki-08.jpg
shrine-of-peer-makki	Image 9	1600	878	1.8223	https://raufnawaz.github.io/Sufi-Shrines/photos/peer-makki/peer-makki-09.jpg
shrine-of-peer-makki	Image 10	1480	728	2.0330	https://raufnawaz.github.io/Sufi-Shrines/photos/peer-makki/peer-makki-10.jpg
shrine-of-pir-baba-syed-ali-tirmizi	Image 1	1024	768	1.3333	https://commons.wikimedia.org/wiki/Special:FilePath/Pir_Baba_Buner.jpg
shrine-of-pir-baba-syed-ali-tirmizi	Image 2	1080	716	1.5084	https://commons.wikimedia.org/wiki/Special:FilePath/Pir_Baba_masjid.jpg
shrine-of-pir-mangho	Image 1	2500	1407	1.7768	https://images.squarespace-cdn.com/content/v1/605a3b99f28979644c432614/93b93408-3d24-4fc4-840e-f9b4c5b887b3/Mangho+Pir%2C+Karachi+Ecology+%282%29.jpg
shrine-of-pir-sher-muhammad	Image 1	246	205	1.2000	https://blogger.googleusercontent.com/img/b/R29vZ2xl/AVvXsEgWWjg1tPCTJXuWHb0KlZ7wWNHp45BlMnGvywm4uMIJCRCKh24H5yDkwi3ZeHezZmE0O-8uB9Qt3EiOs3fXQvoA6M93NWrsO2pxqaJwzOgrhWtdzoNabsUrV7FpJ3hrCyCwisARl1s-xbU/s1600/sher.jpg
shrine-of-qalandar-baba-auliya	Image 1	600	450	1.3333	https://i.tribune.com.pk/media/images/5-1525427764/5-1525427764.jpg
shrine-of-shah-abdul-karim-bulri	Image 1	1800	900	2.0000	https://commons.wikimedia.org/wiki/Special:FilePath/Shah_Abdul_Karim_Bulri.jpg
shrine-of-shah-inayat-qadiri	Image 1	1600	1200	1.3333	https://raufnawaz.github.io/Sufi-Shrines/photos/shah-inayat-qadri-shattari/shah-inayat-qadri-shattari-01.jpg
shrine-of-shah-inayat-qadiri	Image 2	1600	1200	1.3333	https://raufnawaz.github.io/Sufi-Shrines/photos/shah-inayat-qadri-shattari/shah-inayat-qadri-shattari-02.jpg
shrine-of-shah-inayat-qadiri	Image 3	1600	1200	1.3333	https://raufnawaz.github.io/Sufi-Shrines/photos/shah-inayat-qadri-shattari/shah-inayat-qadri-shattari-03.jpg
shrine-of-shah-inayat-qadiri	Image 4	1600	1200	1.3333	https://raufnawaz.github.io/Sufi-Shrines/photos/shah-inayat-qadri-shattari/shah-inayat-qadri-shattari-04.jpg
shrine-of-shah-inayat-qadiri	Image 5	1600	1200	1.3333	https://raufnawaz.github.io/Sufi-Shrines/photos/shah-inayat-qadri-shattari/shah-inayat-qadri-shattari-05.jpg
shrine-of-shah-inayat-qadiri	Image 6	1600	1200	1.3333	https://raufnawaz.github.io/Sufi-Shrines/photos/shah-inayat-qadri-shattari/shah-inayat-qadri-shattari-06.jpg
shrine-of-shah-inayat-qadiri	Image 7	1600	1200	1.3333	https://raufnawaz.github.io/Sufi-Shrines/photos/shah-inayat-qadri-shattari/shah-inayat-qadri-shattari-07.jpg
shrine-of-shah-inayat-qadiri	Image 8	1600	1200	1.3333	https://raufnawaz.github.io/Sufi-Shrines/photos/shah-inayat-qadri-shattari/shah-inayat-qadri-shattari-08.jpg
shrine-of-shah-inayat-qadiri	Image 9	1600	1200	1.3333	https://raufnawaz.github.io/Sufi-Shrines/photos/shah-inayat-qadri-shattari/shah-inayat-qadri-shattari-09.jpg
shrine-of-shah-inayat-qadiri	Image 10	1600	1200	1.3333	https://raufnawaz.github.io/Sufi-Shrines/photos/shah-inayat-qadri-shattari/shah-inayat-qadri-shattari-10.jpg
shrine-of-shah-jamal	Image 1	1600	1200	1.3333	https://raufnawaz.github.io/Sufi-Shrines/photos/shah-jamal/shah-jamal-01.jpg
shrine-of-shah-jamal	Image 2	1200	1600	0.7500	https://raufnawaz.github.io/Sufi-Shrines/photos/shah-jamal/shah-jamal-02.jpg
shrine-of-shah-jamal	Image 3	1600	1200	1.3333	https://raufnawaz.github.io/Sufi-Shrines/photos/shah-jamal/shah-jamal-03.jpg
shrine-of-shah-jamal	Image 4	1600	1200	1.3333	https://raufnawaz.github.io/Sufi-Shrines/photos/shah-jamal/shah-jamal-04.jpg
shrine-of-shah-jamal	Image 5	1600	1200	1.3333	https://raufnawaz.github.io/Sufi-Shrines/photos/shah-jamal/shah-jamal-05.jpg
shrine-of-shah-jamal	Image 6	1600	1200	1.3333	https://raufnawaz.github.io/Sufi-Shrines/photos/shah-jamal/shah-jamal-06.jpg
shrine-of-shah-jamal	Image 7	1600	1200	1.3333	https://raufnawaz.github.io/Sufi-Shrines/photos/shah-jamal/shah-jamal-07.jpg
shrine-of-shah-jamal	Image 8	1600	1200	1.3333	https://raufnawaz.github.io/Sufi-Shrines/photos/shah-jamal/shah-jamal-08.jpg
shrine-of-shah-jamal	Image 9	1600	1200	1.3333	https://raufnawaz.github.io/Sufi-Shrines/photos/shah-jamal/shah-jamal-09.jpg
shrine-of-shah-jamal	Image 10	1600	1200	1.3333	https://raufnawaz.github.io/Sufi-Shrines/photos/shah-jamal/shah-jamal-10.jpg
shrine-of-shah-rukn-e-alam	Image 1	2468	2064	1.1957	https://upload.wikimedia.org/wikipedia/commons/7/7c/Tomb_of_Shah_Rukn-e-Alam_2014-07-31.jpg
shrine-of-shah-shams-ud-din-sabzwari	Image 1	3126	4689	0.6667	https://upload.wikimedia.org/wikipedia/commons/d/d6/Shrine_of_Hazrat_Shah_Shams_ud_din_Sabzwari.jpg
shrine-of-shah-yusaf-gardez	Image 1	4000	3000	1.3333	https://upload.wikimedia.org/wikipedia/commons/b/b7/Tomb_of_Shah_Yousuf_Gardezi_Multan.jpg
shrine-of-syed-musa-pak	Image 1	700	390	1.7949	https://www.thenews.com.pk/assets/uploads/akhbar/2024-11-21/l_1253233_045343_updates.jpg
sial-sharif	Image 1	1000	522	1.9157	https://merasargodha.com/wp-content/uploads/SialSharif.jpg
tilla-jogian	Image 1	4000	3000	1.3333	https://commons.wikimedia.org/wiki/Special:FilePath/Tilla_Jogyan_temple_ruins_archway.jpg
tomb-of-allama-iqbal-mazar-e-iqbal	Image 1	1600	935	1.7112	https://raufnawaz.github.io/Sufi-Shrines/photos/mazar-e-iqbal/mazar-e-iqbal-01.jpg
tomb-of-allama-iqbal-mazar-e-iqbal	Image 2	1600	878	1.8223	https://raufnawaz.github.io/Sufi-Shrines/photos/mazar-e-iqbal/mazar-e-iqbal-02.jpg
tomb-of-allama-iqbal-mazar-e-iqbal	Image 3	1600	868	1.8433	https://raufnawaz.github.io/Sufi-Shrines/photos/mazar-e-iqbal/mazar-e-iqbal-03.jpg
tomb-of-allama-iqbal-mazar-e-iqbal	Image 4	1362	735	1.8531	https://raufnawaz.github.io/Sufi-Shrines/photos/mazar-e-iqbal/mazar-e-iqbal-04.jpg
tomb-of-allama-iqbal-mazar-e-iqbal	Image 5	1600	889	1.7998	https://raufnawaz.github.io/Sufi-Shrines/photos/mazar-e-iqbal/mazar-e-iqbal-05.jpg
tomb-of-allama-iqbal-mazar-e-iqbal	Image 6	1600	905	1.7680	https://raufnawaz.github.io/Sufi-Shrines/photos/mazar-e-iqbal/mazar-e-iqbal-06.jpg
tomb-of-allama-iqbal-mazar-e-iqbal	Image 7	1600	849	1.8846	https://raufnawaz.github.io/Sufi-Shrines/photos/mazar-e-iqbal/mazar-e-iqbal-07.jpg
tomb-of-allama-iqbal-mazar-e-iqbal	Image 8	1600	910	1.7582	https://raufnawaz.github.io/Sufi-Shrines/photos/mazar-e-iqbal/mazar-e-iqbal-08.jpg
tomb-of-allama-iqbal-mazar-e-iqbal	Image 9	1600	880	1.8182	https://raufnawaz.github.io/Sufi-Shrines/photos/mazar-e-iqbal/mazar-e-iqbal-09.jpg
tomb-of-allama-iqbal-mazar-e-iqbal	Image 10	1065	1142	0.9326	https://raufnawaz.github.io/Sufi-Shrines/photos/mazar-e-iqbal/mazar-e-iqbal-10.jpg
tomb-of-baha-al-halim-uch-sharif	Image 1	4057	3025	1.3412	https://commons.wikimedia.org/wiki/Special:FilePath/Side_view_of_tomb_-_Shrine_of_Baha%27al-Halim.jpg
tomb-of-javindi-bibi	Image 1	1024	768	1.3333	https://live.staticflickr.com/2264/2536748069_c33904a715_b.jpg
tomb-of-qutbuddin-aibak	Image 2	3000	4000	0.7500	https://commons.wikimedia.org/wiki/Special:FilePath/Tomb%20of%20Sultan%20Qutb%20al-Din%20Aibak.jpg
tomb-of-ustad-nuriya	Image 1	7292	4867	1.4983	https://commons.wikimedia.org/wiki/Special:FilePath/Shrine_of_Nuriya_Uch_Sharif.jpg
umarkot-amarkot-shiv-mandir	Image 1	5184	3456	1.5000	https://commons.wikimedia.org/wiki/Special:FilePath/Shiv_Mandir_Umerkot.jpg
wadpagga-sharif	Image 1	3066	1863	1.6457	https://upload.wikimedia.org/wikipedia/commons/d/d7/Shrine_of_Jalaluddin_Bukhari_-_exterior_of_mosque.jpg
