name	support_level	info_level	n_specific_sources	n_generic_lines	word_count	words_per_source
Allo Mahar	Web-compiled	Low	0	1	224	224.0
Amb Temples (Amb Sharif)	Source-seeded	Moderate	1	2	630	630.0
Bari Imam	Source-seeded	Moderate	1	1	418	418.0
Bhagnari Mandir	Source-seeded	Moderate	1	1	655	655.0
Bhai Sant Thawan Das Mandir	Source-seeded	Moderate	1	0	273	273.0
Bhai Waliram Darbar	Web-compiled	Low	0	0	149	149.0
Bhit (Bhit Shah)	Source-documented	Moderate	2	1	662	331.0
Chandragup (Baba Chandragup)	Web-compiled	Low	0	0	229	229.0
Churrio Jabal Durga Mata Temple	Source-documented	Moderate	2	1	634	317.0
Darbar Abul Muali Qadri	Web-compiled	Low	0	0	1471	1471.0
Darbar Ghamkol Sharif (Zinda Pir)	Web-compiled	Low	0	0	211	211.0
Darbar Hazrat Khawaja Shah Muhammad Sulaiman Taunsvi (R.A)	Source-seeded	Moderate	1	1	381	381.0
Darbar Hazrat Shah Gohar Peer	Web-compiled	Low	0	0	899	899.0
Darbar Malik Ahmad Ayaz	Web-compiled	Low	0	0	1189	1189.0
Darbar Mian Qurban Ali Shah	Web-compiled	Low	0	0	888	888.0
Darbar Sakhi Shah Chan Charagh	Source-documented	Moderate	3	1	772	257.3
Dargah / Roza Sufi Shah Inayat Shaheed	Source-seeded	Moderate	1	1	444	444.0
Dargah Fateh Pur Sharif	Source-documented	Moderate	3	0	707	235.7
Dargah Pir Ratan Nath Jee	Source-documented	Moderate	4	0	592	148.0
Dargah of Khwaja Muhammad Zaman (Luari Sharif)	Web-compiled	Low	0	0	268	268.0
Dargah of Pir Muhammad Rashid (Roze Dhani), Pir Jo Goth	Web-compiled	Low	0	0	229	229.0
Darya Lal Mandir (Darya Lal Sankat Mochan Mandir)	Source-documented	Moderate	2	0	549	274.5
Data Darbar	Field-verified	Full	6	0	2477	412.8
Eidgah Sharif	Source-documented	Moderate	4	0	835	208.8
Garh Maharaja (Shorkot)	Source-documented	Moderate	2	1	617	308.5
Golra Sharif	Source-documented	Moderate	2	1	559	279.5
Gorakhnath (Goraknath) Temple	Source-documented	Moderate	2	0	730	365.0
Gori Temple (Gori jo Mandar)	Web-compiled	Low	0	0	233	233.0
Gurdas Ram Mandir	Source-seeded	Moderate	1	0	269	269.0
Gurdwara Babay De Ber	Source-documented	Moderate	2	0	686	343.0
Gurdwara Babay Nanki	Source-documented	Moderate	3	0	546	182.0
Gurdwara Balila Sahib (Bal Lila Sahib)	Source-documented	Moderate	4	0	714	178.5
Gurdwara Baoli Sahib (Guru Arjan Dev Ji), Lahore	Web-compiled	Low	0	0	246	246.0
Gurdwara Bhai Beba Singh	Source-documented	Moderate	3	0	583	194.3
Gurdwara Bhai Joga Singh	Source-seeded	Moderate	1	0	526	526.0
Gurdwara Chakki Sahib	Web-compiled	Low	0	0	259	259.0
Gurdwara Chhevin Patshahi, Chitti Gatti	Web-compiled	Low	0	0	218	218.0
Gurdwara Chhevin Patshahi, Jhalian (Jhalian Dhilwan)	Web-compiled	Low	0	0	297	297.0
Gurdwara Chhevin Patshahi, Mozang	Source-documented	Moderate	2	0	218	109.0
Gurdwara Choa Sahib	Web-compiled	Low	0	0	226	226.0
Gurdwara Chowmala Sahib	Source-seeded	Moderate	1	0	164	164.0
Gurdwara Darbar Sahib Kartarpur	Source-documented	Moderate	5	0	819	163.8
Gurdwara Dash Mesh Pita	Source-seeded	Moderate	1	0	274	274.0
Gurdwara Dera Sahib	Source-documented	Moderate	5	0	766	153.2
Gurdwara Guru Ram Das Ji	Source-documented	Moderate	3	0	637	212.3
Gurdwara Khoohi Bhai Lalo (Bhai Lalo di Khooi)	Web-compiled	Low	0	0	280	280.0
Gurdwara Malji Sahib	Web-compiled	Low	0	0	263	263.0
Gurdwara Panja Sahib	Source-documented	Moderate	5	0	799	159.8
Gurdwara Panjvi Chati Patshahi	Source-seeded	Moderate	1	0	484	484.0
Gurdwara Patshahi Chhevin (Hadiara), Lahore	Web-compiled	Low	0	0	208	208.0
Gurdwara Patti Sahib	Source-documented	Moderate	2	0	660	330.0
Gurdwara Pehli Patshahi (Jind Pir), Sukkur	Web-compiled	Low	0	0	199	199.0
Gurdwara Rori Sahib	Source-documented	Moderate	4	0	724	181.0
Gurdwara Sach Khand Sahib	Source-documented	Moderate	3	0	405	135.0
Gurdwara Sacha Sauda	Source-documented	Moderate	4	0	515	128.8
Gurdwara Sahib Saidpur (Guru Nanak Dev Ji)	Web-compiled	Low	0	0	210	210.0
Gurdwara Shaheed Bhai Taru Singh	Source-documented	Moderate	4	0	633	158.2
Gurdwara Shaheed Ganj Singh Singhnian	Source-documented	Moderate	4	0	547	136.8
Gurdwara Singh Sabha	Source-documented	Moderate	2	0	513	256.5
Gurdwara Sri Kiara Sahib	Source-documented	Moderate	2	0	666	333.0
Gurdwara Sri Tilganji Sahib	Web-compiled	Low	0	0	199	199.0
Gurdwara Tambo Sahib	Source-documented	Moderate	2	0	529	264.5
Guru Gurpat Mandir (DB-80 Sirey Ghat)	Source-documented	Moderate	2	1	538	269.0
Gurudwara Janam Asthan Nankana Sahib	Source-documented	Moderate	5	0	796	159.2
Jagannath Temple, Sialkot	Source-documented	Moderate	2	0	320	160.0
Jain Mandir, Lahore	Web-compiled	Low	0	0	269	269.0
Jhollay Lal Mandir	Source-seeded	Moderate	1	1	343	343.0
Kalat Kali Temple	Web-compiled	Low	0	0	202	202.0
Kali Bari Mandir	Source-documented	Moderate	3	0	506	168.7
Kalka Cave Temple (Asthan of Kalka Devi)	Source-documented	Moderate	2	0	582	291.0
Katas Raj Temples	Source-documented	Moderate	4	0	766	191.5
Khatwari Darbar, Shikarpur	Web-compiled	Low	0	0	230	230.0
Krishna Mandir (Kabari Bazar)	Source-documented	Moderate	2	0	536	268.0
Krishna Mandir (Ravi Road)	Source-documented	Moderate	2	0	507	253.5
Lal Kurti Temple (Balmiki Mandir), Rawalpindi	Web-compiled	Low	0	0	231	231.0
Lal Shahbaz Qalandar	Source-documented	Moderate	2	1	720	360.0
Langer Makhdoom	Source-documented	Moderate	3	1	616	205.3
Loh Temple (Lava Temple)	Web-compiled	Low	0	0	291	291.0
Mausoleum of Waris Shah	Source-documented	Moderate	2	1	664	332.0
Mazar of Bulleh Shah	Source-documented	Moderate	2	1	766	383.0
Mithankot (Kot Mithan)	Source-documented	Moderate	2	1	566	283.0
Mohra Sharif (Khanqah)	Web-compiled	Low	0	0	217	217.0
Nagarparkar Jain Temples (Nagarparkar Cultural Landscape)	Source-documented	Moderate	3	0	622	207.3
Panj Tirath	Source-documented	Moderate	4	0	610	152.5
Parnami Mandir	Source-documented	Moderate	2	0	655	327.5
Prahladpuri Temple	Source-documented	Moderate	3	1	691	230.3
Purana Bhalwal	Source-documented	Moderate	4	0	560	140.0
Rahman Baba Mausoleum (Rehman Baba Shrine)	Source-documented	Moderate	2	1	542	271.0
Ram Mandir, Saidpur (Ram Kund Mandir)	Web-compiled	Low	0	0	250	250.0
Ramapir Temple, Tando Allahyar	Source-documented	Moderate	3	0	658	219.3
Ranmal Sharif	Source-seeded	Moderate	1	1	354	354.0
Sadh Belo (Sadh Belo Island Temple)	Source-documented	Moderate	2	0	696	348.0
Sain Vali Vilayat Rai Darbar, Kambar	Web-compiled	Low	0	0	271	271.0
Sakhi Sarwar	Source-seeded	Moderate	1	1	418	418.0
Samadhi of Maharaja Ranjit Singh	Web-compiled	Low	0	0	287	287.0
Sant Baba Asudaram Darbar (Panno Aqil)	Web-compiled	Low	0	0	229	229.0
Sant Baba Bhagat Ram Darbar Mandir	Source-documented	Moderate	2	0	569	284.5
Sant Bhagat Kanwar Ram Temple (Chak)	Web-compiled	Low	0	0	213	213.0
Sant Satram Dham, Raharki (Sacho Satram / Devri Sahib)	Web-compiled	Low	0	0	256	256.0
Sevapanthi Darbar (Bhai Gurdas), Gandava	Web-compiled	Low	0	0	314	314.0
Shah Noorani Shrine (Syed Bilawal Shah Noorani)	Source-seeded	Moderate	1	1	392	392.0
Shah Yousuf	Source-seeded	Moderate	1	1	355	355.0
Shahwala Teja Singh Mandir	Source-documented	Moderate	4	0	562	140.5
Shaktipeeth Shri Hinglaj Mata Mandir	Source-documented	Moderate	4	0	731	182.8
Shamsabad	Source-documented	Moderate	5	0	592	118.4
Sharada Peeth	Source-documented	Moderate	4	0	715	178.8
Shergarh	Source-seeded	Moderate	1	1	350	350.0
Shiv Mandir Chiti Ghati	Source-documented	Moderate	3	0	525	175.0
Shree Ratneshwar Mahadev Temple, Karachi	Source-documented	Moderate	2	0	566	283.0
Shri Laxmi Narayan Mandir (Native Jetty Bridge)	Source-documented	Moderate	2	0	531	265.5
Shri Panchmukhi Hanuman Mandir (Karachi)	Source-documented	Moderate	4	0	523	130.8
Shri Swaminarayan Mandir, Karachi	Source-documented	Moderate	4	0	504	126.0
Shri Varun Dev Mandir	Source-documented	Moderate	3	0	520	173.3
Shrine at Odero Lal (Udero Lal Teerath Asthan)	Source-seeded	Moderate	1	1	575	575.0
Shrine of Abdullah Shah Ghazi	Source-seeded	Moderate	1	1	455	455.0
Shrine of Abul Faiz Qalander Ali Suharwardi	Field-verified	Full	3	0	2314	771.3
Shrine of Akhund Darweza Baba	Web-compiled	Low	0	0	253	253.0
Shrine of Akhund Panju Baba	Web-compiled	Low	0	0	242	242.0
Shrine of Baba Shah Chiragh	Web-compiled	Low	0	0	280	280.0
Shrine of Baba Shah Kamal	Web-compiled	Low	0	0	271	271.0
Shrine of Bahauddin Zakariya	Source-seeded	Moderate	1	1	649	649.0
Shrine of Bibi Pak Daman	Field-verified	Full	6	0	3163	527.2
Shrine of Fariduddin Ganjshakar	Source-documented	Moderate	2	1	933	466.5
Shrine of Ganj e Inayat Sarkar	Field-verified	Full	2	0	1964	982.0
Shrine of Hafiz Muhammad Jamal Multani	Web-compiled	Low	0	0	205	205.0
Shrine of Hazrat Madho Lal Hussain (Shah Hussain Darbar)	Field-verified	Full	4	0	2875	718.8
Shrine of Hazrat Muhammad Ayub Shah Bukhari	Web-compiled	Low	0	0	230	230.0
Shrine of Hazrat Shah Ali Akbar (Shah Ali Akbar Shamsi)	Web-compiled	Low	0	0	226	226.0
Shrine of Hazrat Shah Daula Daryai	Source-documented	Moderate	4	0	1025	256.2
Shrine of Imam Ali-ul-Haq	Source-documented	Moderate	4	0	888	222.0
Shrine of Jalaluddin Surkh-Posh Bukhari (Jalaluddin Bukhari)	Source-seeded	Moderate	1	1	546	546.0
Shrine of Lakhi Shah Saddar	Source-documented	Moderate	4	0	756	189.0
Shrine of Makhdoom Abdul Rahim Girhori	Web-compiled	Low	0	0	204	204.0
Shrine of Makhdoom Jahaniyan Jahangasht	Source-seeded	Moderate	1	1	479	479.0
Shrine of Makhdoom Nooh (Hala)	Web-compiled	Low	0	0	206	206.0
Shrine of Mauj Darya Bukhari	Web-compiled	Low	0	0	676	676.0
Shrine of Mian Mir	Field-verified	Full	4	0	3280	820.0
Shrine of Mian Umar Baba (Chamkani)	Web-compiled	Low	0	0	220	220.0
Shrine of Miran Hussain Zanjani (Zanjani Sahib)	Web-compiled	Low	0	0	268	268.0
Shrine of Peer Makki	Web-compiled	Low	0	0	515	515.0
Shrine of Pir Baba (Syed Ali Tirmizi)	Web-compiled	Low	0	0	267	267.0
Shrine of Pir Chhatal Shah Noorani	Web-compiled	Low	0	0	245	245.0
Shrine of Pir Lakha (Aab-e-Shifa), Jhal Magsi	Web-compiled	Low	0	0	192	192.0
Shrine of Pir Mangho	Source-seeded	Moderate	1	1	412	412.0
Shrine of Pir Sher Muhammad	Source-seeded	Moderate	1	1	370	370.0
Shrine of Qalandar Baba Auliya	Source-documented	Moderate	2	0	380	190.0
Shrine of Sachal Sarmast	Source-documented	Moderate	2	1	563	281.5
Shrine of Shah Abdul Karim Bulri	Web-compiled	Low	0	0	213	213.0
Shrine of Shah Inayat Qadiri	Web-compiled	Low	0	0	272	272.0
Shrine of Shah Jamal	Web-compiled	Low	0	0	623	623.0
Shrine of Shah Rukn-e-Alam	Source-seeded	Moderate	1	1	485	485.0
Shrine of Shah Shams-ud-Din Sabzwari	Source-seeded	Moderate	1	1	417	417.0
Shrine of Shah Yusaf Gardez	Source-seeded	Moderate	1	1	384	384.0
Shrine of Syed Musa Pak	Source-seeded	Moderate	1	1	352	352.0
Sial Sharif	Source-seeded	Moderate	1	1	357	357.0
Swami Dharmdas Darbar, Larkana (Kennedy Market)	Web-compiled	Low	0	0	210	210.0
Tilla Jogian	Source-documented	Moderate	4	1	721	180.2
Tomb of Allama Iqbal (Mazar-e-Iqbal)	Field-verified	Full	4	0	3871	967.8
Tomb of Baha'al-Halim (Uch Sharif)	Web-compiled	Low	0	0	201	201.0
Tomb of Javindi Bibi	Source-seeded	Moderate	1	1	463	463.0
Tomb of Qutbuddin Aibak	Web-compiled	Low	0	0	262	262.0
Tomb of Ustad Nuriya	Web-compiled	Low	0	0	267	267.0
Umarkot (Amarkot) Shiv Mandir	Source-documented	Moderate	3	1	531	177.0
Valmik Mandir (Naqi Road)	Source-documented	Moderate	4	0	692	173.0
Valmiki Swamiji Mandir (Gracy Lines), Rawalpindi	Web-compiled	Low	0	0	226	226.0
Wadpagga Sharif	Source-documented	Moderate	3	0	606	202.0
Ziarat Kaka Sahib	Web-compiled	Low	0	0	300	300.0
